,Baseline,Model I,Model II
0,6.0,6,6
1,8.0,0,9
2,9.0,9,9
3,6.0,6,4
4,8.0,1,9
5,3.0,3,1
6,4.0,2,2
7,7.0,7,7
8,0.0,8,8
9,1.0,4,7
10,4.0,4,4
11,5.0,2,7
12,8.0,4,7
13,1.0,4,2
14,4.0,7,9
15,0.0,8,9
16,1.0,9,9
17,4.0,3,3
18,3.0,6,2
19,4.0,6,6
20,0.0,0,4
21,3.0,4,3
22,6.0,6,6
23,4.0,6,6
24,4.0,7,5
25,4.0,6,6
26,6.0,6,3
27,1.0,5,5
28,4.0,4,4
29,1.0,3,0
30,8.0,1,0
31,8.0,6,9
32,1.0,1,1
33,4.0,3,3
34,4.0,1,4
35,6.0,8,0
36,0.0,3,3
37,4.0,0,7
38,8.0,8,3
39,4.0,6,0
40,4.0,7,2
41,5.0,2,2
42,4.0,5,2
43,5.0,7,7
44,6.0,4,1
45,3.0,0,1
46,1.0,9,1
47,8.0,8,8
48,8.0,4,2
49,0.0,0,0
50,4.0,2,9
51,3.0,5,5
52,6.0,1,7
53,0.0,1,9
54,6.0,2,2
55,8.0,3,2
56,6.0,0,5
57,6.0,5,4
58,4.0,4,4
59,8.0,8,5
60,1.0,1,1
61,8.0,9,1
62,8.0,8,8
63,4.0,2,2
64,3.0,1,1
65,8.0,1,1
66,4.0,7,4
67,1.0,9,9
68,6.0,7,7
69,8.0,8,8
70,4.0,6,5
71,1.0,2,9
72,1.0,6,6
73,4.0,4,7
74,8.0,8,5
75,8.0,8,1
76,8.0,9,9
77,4.0,2,0
78,8.0,3,3
79,0.0,7,1
80,8.0,6,0
81,1.0,3,5
82,4.0,4,4
83,8.0,0,5
84,4.0,9,7
85,1.0,3,7
86,4.0,4,4
87,4.0,7,7
88,1.0,4,9
89,4.0,3,2
90,5.0,6,2
91,1.0,0,2
92,0.0,7,8
93,6.0,8,0
94,9.0,4,1
95,7.0,4,6
96,1.0,1,1
97,4.0,4,1
98,4.0,6,4
99,3.0,1,1
100,0.0,2,8
101,3.0,5,3
102,6.0,9,9
103,1.0,0,6
104,6.0,1,6
105,8.0,1,1
106,0.0,8,8
107,6.0,4,3
108,0.0,2,2
109,0.0,1,9
110,8.0,9,8
111,8.0,8,8
112,8.0,1,1
113,4.0,6,7
114,5.0,7,7
115,9.0,0,8
116,8.0,0,0
117,6.0,6,6
118,9.0,9,9
119,0.0,6,1
120,2.0,6,2
121,4.0,6,2
122,9.0,9,9
123,0.0,3,5
124,6.0,6,6
125,9.0,6,6
126,8.0,9,1
127,8.0,6,9
128,1.0,0,5
129,0.0,0,0
130,4.0,4,4
131,9.0,5,7
132,4.0,5,6
133,3.0,7,7
134,1.0,0,1
135,8.0,8,8
136,3.0,1,1
137,0.0,0,1
138,5.0,3,2
139,8.0,8,8
140,3.0,1,1
141,4.0,6,3
142,1.0,5,7
143,4.0,6,6
144,4.0,2,2
145,4.0,4,4
146,4.0,1,9
147,4.0,1,9
148,5.0,3,5
149,4.0,6,4
150,4.0,4,3
151,8.0,5,5
152,6.0,4,7
153,8.0,2,4
154,8.0,6,8
155,8.0,8,8
156,2.0,3,5
157,5.0,3,5
158,6.0,7,7
159,6.0,6,3
160,0.0,1,1
161,0.0,8,8
162,1.0,7,7
163,6.0,4,7
164,6.0,6,6
165,6.0,8,0
166,1.0,9,1
167,6.0,4,5
168,1.0,9,1
169,4.0,3,2
170,8.0,6,8
171,5.0,1,2
172,4.0,7,7
173,1.0,2,5
174,9.0,3,3
175,3.0,6,4
176,4.0,9,1
177,4.0,5,5
178,6.0,7,7
179,1.0,6,4
180,6.0,4,2
181,6.0,9,7
182,4.0,5,5
183,1.0,5,5
184,4.0,6,1
185,9.0,8,0
186,5.0,7,9
187,6.0,2,3
188,0.0,9,9
189,8.0,8,0
190,0.0,4,8
191,0.0,0,0
192,8.0,0,8
193,0.0,8,8
194,0.0,2,2
195,4.0,7,5
196,4.0,4,2
197,4.0,5,3
198,1.0,6,5
199,8.0,0,0
200,2.0,4,6
201,1.0,1,1
202,9.0,8,9
203,0.0,3,5
204,4.0,6,6
205,1.0,9,9
206,8.0,9,1
207,0.0,8,9
208,1.0,9,9
209,4.0,6,6
210,5.0,6,6
211,9.0,9,7
212,1.0,9,9
213,0.0,0,0
214,1.0,9,9
215,1.0,0,5
216,3.0,0,8
217,6.0,6,5
218,4.0,2,2
219,0.0,6,9
220,8.0,0,8
221,1.0,9,8
222,8.0,8,8
223,8.0,7,8
224,9.0,2,6
225,8.0,5,9
226,1.0,1,1
227,5.0,8,1
228,6.0,6,6
229,1.0,5,3
230,4.0,8,7
231,2.0,6,6
232,4.0,6,6
233,6.0,0,0
234,1.0,8,2
235,4.0,6,6
236,1.0,7,1
237,9.0,3,7
238,3.0,9,1
239,1.0,9,5
240,0.0,0,8
241,4.0,6,2
242,4.0,2,6
243,4.0,6,6
244,8.0,8,8
245,4.0,3,6
246,0.0,8,8
247,3.0,4,4
248,4.0,5,6
249,6.0,6,6
250,8.0,2,1
251,1.0,5,7
252,0.0,8,8
253,4.0,8,2
254,4.0,2,4
255,3.0,5,1
256,2.0,0,7
257,6.0,8,8
258,1.0,5,9
259,1.0,3,8
260,5.0,0,5
261,3.0,1,1
262,8.0,4,1
263,4.0,7,4
264,0.0,0,0
265,1.0,9,9
266,0.0,3,0
267,6.0,8,7
268,4.0,3,4
269,5.0,9,9
270,9.0,7,9
271,4.0,7,2
272,2.0,4,5
273,1.0,1,9
274,8.0,2,9
275,1.0,1,1
276,8.0,0,0
277,1.0,4,5
278,1.0,9,9
279,4.0,4,0
280,0.0,2,8
281,0.0,6,2
282,4.0,6,1
283,3.0,2,2
284,0.0,8,0
285,1.0,3,5
286,6.0,4,6
287,4.0,1,5
288,2.0,5,2
289,5.0,7,7
290,0.0,8,8
291,8.0,7,8
292,3.0,3,6
293,0.0,4,0
294,4.0,4,7
295,1.0,9,9
296,6.0,7,4
297,3.0,3,5
298,1.0,4,6
299,4.0,1,4
300,4.0,5,2
301,4.0,8,1
302,3.0,8,1
303,8.0,8,0
304,8.0,1,1
305,4.0,5,5
306,1.0,9,9
307,6.0,6,9
308,8.0,0,0
309,0.0,8,8
310,9.0,0,4
311,8.0,1,1
312,1.0,1,1
313,6.0,6,6
314,6.0,3,3
315,1.0,6,3
316,8.0,9,9
317,0.0,0,0
318,5.0,4,7
319,5.0,6,9
320,4.0,4,7
321,1.0,2,7
322,4.0,9,9
323,0.0,1,1
324,6.0,5,5
325,8.0,1,1
326,9.0,6,6
327,6.0,6,6
328,8.0,8,8
329,0.0,0,7
330,6.0,9,1
331,4.0,3,3
332,4.0,1,0
333,3.0,3,4
334,1.0,4,3
335,5.0,2,4
336,4.0,5,4
337,6.0,1,5
338,1.0,7,7
339,8.0,8,5
340,8.0,9,9
341,0.0,1,0
342,3.0,6,3
343,6.0,4,4
344,0.0,0,0
345,4.0,5,3
346,4.0,2,6
347,6.0,6,6
348,0.0,6,0
349,8.0,2,0
350,7.0,4,6
351,6.0,5,6
352,8.0,8,8
353,0.0,8,8
354,6.0,1,1
355,5.0,6,6
356,6.0,8,6
357,3.0,1,9
358,1.0,3,2
359,1.0,2,5
360,5.0,0,9
361,1.0,4,6
362,4.0,7,7
363,4.0,4,4
364,1.0,9,1
365,8.0,8,8
366,8.0,3,7
367,3.0,3,3
368,6.0,1,6
369,8.0,1,9
370,9.0,3,2
371,0.0,0,0
372,4.0,4,4
373,8.0,0,0
374,3.0,5,5
375,0.0,1,9
376,0.0,0,0
377,5.0,5,3
378,4.0,4,4
379,0.0,8,8
380,4.0,5,5
381,4.0,6,4
382,5.0,9,7
383,5.0,2,2
384,5.0,3,3
385,8.0,6,9
386,4.0,5,7
387,4.0,4,6
388,5.0,7,3
389,4.0,6,1
390,1.0,8,4
391,4.0,4,7
392,8.0,5,2
393,0.0,1,1
394,9.0,7,7
395,8.0,5,3
396,1.0,3,1
397,0.0,8,2
398,4.0,4,4
399,6.0,4,5
400,1.0,4,2
401,0.0,0,0
402,5.0,2,2
403,5.0,2,2
404,8.0,9,8
405,9.0,0,0
406,0.0,9,9
407,0.0,1,0
408,8.0,5,9
409,6.0,4,6
410,8.0,8,8
411,6.0,7,5
412,9.0,2,7
413,7.0,4,7
414,0.0,7,4
415,0.0,8,0
416,8.0,4,3
417,8.0,0,0
418,0.0,8,8
419,1.0,9,9
420,4.0,4,2
421,6.0,4,2
422,7.0,5,7
423,1.0,5,2
424,1.0,3,5
425,8.0,8,2
426,6.0,5,5
427,1.0,1,1
428,1.0,9,9
429,4.0,5,4
430,9.0,8,8
431,1.0,5,5
432,1.0,1,1
433,1.0,7,7
434,5.0,4,4
435,6.0,7,7
436,0.0,9,0
437,6.0,6,6
438,5.0,1,9
439,8.0,9,0
440,6.0,3,7
441,0.0,0,8
442,8.0,8,8
443,5.0,8,9
444,1.0,8,9
445,3.0,3,3
446,1.0,5,3
447,4.0,4,4
448,8.0,8,8
449,6.0,5,5
450,1.0,6,5
451,6.0,6,6
452,4.0,6,6
453,0.0,0,0
454,6.0,9,1
455,0.0,0,5
456,0.0,8,0
457,0.0,0,0
458,4.0,1,4
459,0.0,8,8
460,8.0,8,8
461,8.0,1,9
462,1.0,5,5
463,4.0,7,2
464,1.0,6,6
465,1.0,5,8
466,4.0,9,1
467,1.0,8,0
468,0.0,0,0
469,4.0,5,7
470,6.0,3,7
471,6.0,9,5
472,9.0,9,9
473,4.0,4,6
474,1.0,4,2
475,8.0,8,8
476,1.0,5,3
477,4.0,6,2
478,4.0,9,5
479,9.0,3,3
480,8.0,9,9
481,5.0,1,0
482,6.0,1,1
483,4.0,4,6
484,4.0,4,4
485,8.0,8,8
486,8.0,1,1
487,8.0,6,8
488,2.0,6,6
489,6.0,7,4
490,8.0,4,4
491,1.0,3,5
492,8.0,1,7
493,5.0,1,1
494,1.0,3,3
495,8.0,9,9
496,1.0,6,8
497,0.0,2,0
498,5.0,5,1
499,8.0,8,7
500,7.0,7,5
501,2.0,1,8
502,1.0,6,7
503,0.0,8,8
504,9.0,0,0
505,8.0,7,4
506,9.0,4,1
507,9.0,4,8
508,3.0,9,9
509,1.0,8,8
510,1.0,5,2
511,1.0,9,9
512,9.0,9,9
513,6.0,3,2
514,4.0,5,7
515,6.0,1,5
516,5.0,7,7
517,1.0,3,7
518,8.0,8,8
519,8.0,8,8
520,4.0,4,4
521,4.0,5,4
522,4.0,7,2
523,1.0,4,7
524,0.0,1,8
525,6.0,8,6
526,4.0,4,4
527,8.0,8,0
528,4.0,4,4
529,6.0,6,6
530,6.0,9,9
531,4.0,7,7
532,3.0,6,6
533,4.0,2,2
534,5.0,5,5
535,9.0,6,5
536,1.0,1,1
537,4.0,2,5
538,0.0,2,2
539,8.0,0,2
540,2.0,3,6
541,0.0,9,9
542,1.0,2,5
543,6.0,4,4
544,4.0,6,4
545,6.0,4,7
546,8.0,8,8
547,0.0,1,1
548,8.0,5,5
549,0.0,6,4
550,5.0,3,5
551,6.0,7,7
552,4.0,6,6
553,9.0,1,9
554,8.0,8,8
555,8.0,3,0
556,2.0,4,6
557,0.0,0,0
558,4.0,2,2
559,8.0,8,2
560,4.0,7,2
561,2.0,7,1
562,8.0,9,8
563,1.0,8,4
564,8.0,8,8
565,5.0,6,1
566,8.0,8,8
567,8.0,8,8
568,3.0,1,1
569,5.0,6,5
570,4.0,7,7
571,6.0,6,6
572,6.0,4,4
573,5.0,5,5
574,0.0,8,8
575,6.0,6,7
576,8.0,8,1
577,1.0,9,9
578,3.0,1,1
579,1.0,9,9
580,1.0,3,8
581,4.0,4,4
582,1.0,4,7
583,4.0,9,5
584,1.0,4,8
585,8.0,0,8
586,1.0,4,2
587,6.0,3,6
588,1.0,6,1
589,1.0,0,7
590,1.0,1,1
591,2.0,4,6
592,8.0,8,8
593,9.0,1,1
594,0.0,8,9
595,4.0,7,7
596,0.0,8,8
597,0.0,4,5
598,0.0,0,0
599,6.0,7,1
600,0.0,0,0
601,1.0,7,8
602,5.0,5,8
603,0.0,1,6
604,8.0,8,8
605,9.0,4,0
606,8.0,1,1
607,1.0,3,5
608,8.0,8,0
609,0.0,8,8
610,0.0,0,8
611,4.0,1,7
612,8.0,7,9
613,6.0,0,9
614,4.0,7,0
615,4.0,3,9
616,6.0,3,4
617,3.0,5,1
618,0.0,8,3
619,6.0,6,6
620,8.0,9,6
621,4.0,0,4
622,4.0,4,4
623,6.0,7,7
624,4.0,7,5
625,6.0,6,6
626,6.0,6,2
627,8.0,9,8
628,0.0,0,0
629,6.0,4,3
630,1.0,6,2
631,8.0,0,8
632,8.0,6,4
633,1.0,6,6
634,3.0,8,9
635,1.0,6,9
636,3.0,7,7
637,0.0,7,0
638,1.0,3,3
639,0.0,4,8
640,4.0,6,6
641,6.0,3,7
642,4.0,4,4
643,1.0,8,9
644,9.0,1,1
645,4.0,6,6
646,3.0,4,2
647,1.0,3,4
648,8.0,6,2
649,6.0,4,2
650,0.0,0,0
651,4.0,6,6
652,1.0,7,7
653,9.0,3,5
654,4.0,6,7
655,9.0,6,6
656,8.0,0,8
657,8.0,8,9
658,8.0,4,0
659,9.0,9,9
660,5.0,3,7
661,6.0,0,4
662,8.0,4,7
663,0.0,0,0
664,1.0,1,9
665,1.0,6,4
666,1.0,8,9
667,8.0,9,6
668,3.0,1,9
669,4.0,4,4
670,8.0,4,2
671,0.0,7,4
672,0.0,9,9
673,4.0,4,2
674,4.0,4,4
675,4.0,5,5
676,0.0,1,1
677,6.0,4,4
678,4.0,6,3
679,8.0,9,9
680,3.0,1,6
681,3.0,5,2
682,6.0,4,6
683,4.0,9,9
684,6.0,2,7
685,3.0,6,3
686,6.0,7,5
687,0.0,8,0
688,8.0,1,7
689,8.0,2,2
690,9.0,1,1
691,5.0,3,3
692,6.0,3,6
693,1.0,1,3
694,0.0,0,0
695,0.0,0,0
696,4.0,3,2
697,8.0,5,5
698,0.0,8,0
699,3.0,1,1
700,0.0,1,0
701,6.0,6,6
702,6.0,6,5
703,4.0,2,9
704,8.0,8,8
705,4.0,6,4
706,9.0,8,9
707,0.0,8,8
708,9.0,0,0
709,0.0,0,2
710,4.0,4,6
711,0.0,2,4
712,4.0,4,4
713,0.0,5,0
714,4.0,4,1
715,0.0,0,8
716,6.0,8,8
717,3.0,2,2
718,5.0,4,6
719,1.0,8,9
720,4.0,4,6
721,4.0,6,6
722,6.0,7,9
723,8.0,0,8
724,3.0,2,2
725,8.0,2,3
726,1.0,5,5
727,6.0,6,7
728,4.0,4,2
729,7.0,8,5
730,3.0,1,3
731,9.0,3,0
732,8.0,3,3
733,8.0,8,0
734,5.0,9,5
735,9.0,2,0
736,3.0,5,8
737,1.0,5,0
738,4.0,4,6
739,1.0,6,7
740,5.0,5,3
741,0.0,0,8
742,4.0,2,2
743,0.0,0,1
744,4.0,7,7
745,4.0,6,6
746,7.0,7,7
747,1.0,8,1
748,8.0,0,0
749,9.0,8,9
750,4.0,6,4
751,0.0,4,5
752,0.0,1,0
753,1.0,1,1
754,1.0,3,7
755,3.0,0,5
756,4.0,1,9
757,0.0,0,0
758,4.0,2,4
759,4.0,7,7
760,9.0,8,7
761,0.0,6,1
762,5.0,8,5
763,0.0,0,8
764,4.0,4,4
765,0.0,0,0
766,8.0,8,8
767,4.0,5,5
768,6.0,7,9
769,1.0,9,9
770,6.0,4,6
771,2.0,9,7
772,6.0,1,1
773,8.0,3,8
774,1.0,0,3
775,3.0,7,2
776,3.0,3,3
777,8.0,8,8
778,6.0,7,2
779,6.0,2,2
780,5.0,7,4
781,1.0,6,6
782,0.0,1,0
783,6.0,0,0
784,6.0,5,5
785,5.0,3,5
786,0.0,0,8
787,0.0,6,2
788,0.0,4,6
789,4.0,4,7
790,9.0,2,2
791,9.0,7,9
792,4.0,8,3
793,8.0,8,8
794,7.0,7,7
795,8.0,8,8
796,0.0,2,2
797,0.0,8,7
798,8.0,6,6
799,4.0,7,0
800,4.0,7,2
801,1.0,6,3
802,2.0,6,2
803,0.0,8,2
804,6.0,7,2
805,1.0,5,5
806,3.0,5,3
807,6.0,6,6
808,0.0,0,2
809,0.0,3,5
810,8.0,3,4
811,8.0,8,8
812,1.0,6,0
813,1.0,5,5
814,0.0,3,5
815,1.0,9,1
816,0.0,0,0
817,4.0,7,4
818,2.0,6,6
819,1.0,3,6
820,5.0,6,6
821,3.0,6,5
822,0.0,0,0
823,5.0,1,1
824,1.0,8,7
825,1.0,7,7
826,1.0,1,8
827,4.0,2,2
828,1.0,8,9
829,4.0,5,2
830,4.0,2,2
831,6.0,6,4
832,0.0,7,2
833,1.0,1,1
834,1.0,1,1
835,6.0,6,1
836,6.0,6,6
837,4.0,6,6
838,6.0,4,6
839,5.0,3,5
840,3.0,2,9
841,8.0,9,1
842,4.0,7,7
843,6.0,1,9
844,4.0,7,7
845,0.0,0,5
846,3.0,6,5
847,4.0,3,4
848,1.0,4,1
849,4.0,6,2
850,1.0,6,6
851,1.0,8,5
852,0.0,5,0
853,1.0,3,5
854,3.0,5,6
855,3.0,1,1
856,6.0,7,4
857,6.0,7,3
858,5.0,7,4
859,0.0,8,8
860,9.0,7,8
861,5.0,3,5
862,8.0,1,8
863,4.0,3,6
864,9.0,7,2
865,6.0,3,2
866,9.0,0,0
867,0.0,1,9
868,8.0,1,4
869,3.0,5,7
870,8.0,8,8
871,0.0,0,0
872,0.0,0,0
873,1.0,1,1
874,4.0,1,1
875,6.0,5,5
876,1.0,5,4
877,8.0,6,9
878,1.0,7,5
879,0.0,6,1
880,4.0,8,8
881,6.0,9,9
882,5.0,2,5
883,8.0,9,9
884,3.0,9,9
885,9.0,2,2
886,1.0,1,9
887,4.0,6,4
888,3.0,7,8
889,0.0,0,2
890,0.0,1,9
891,0.0,0,8
892,0.0,4,8
893,8.0,5,1
894,6.0,7,5
895,6.0,4,3
896,4.0,3,6
897,0.0,6,8
898,8.0,4,7
899,6.0,7,6
900,3.0,1,9
901,8.0,8,8
902,8.0,0,8
903,6.0,4,6
904,1.0,1,4
905,0.0,2,0
906,8.0,4,0
907,4.0,2,2
908,4.0,5,5
909,8.0,0,8
910,4.0,2,2
911,0.0,7,0
912,6.0,3,2
913,1.0,9,0
914,6.0,6,6
915,0.0,6,9
916,6.0,4,7
917,1.0,9,1
918,1.0,3,5
919,0.0,2,5
920,7.0,6,6
921,6.0,6,6
922,5.0,4,3
923,6.0,0,6
924,4.0,6,2
925,2.0,4,4
926,9.0,2,7
927,4.0,8,8
928,4.0,0,4
929,6.0,6,6
930,4.0,4,4
931,6.0,6,6
932,1.0,4,6
933,6.0,0,2
934,1.0,8,7
935,9.0,6,6
936,1.0,1,1
937,4.0,4,6
938,8.0,8,0
939,4.0,7,4
940,8.0,1,0
941,9.0,2,4
942,8.0,1,1
943,8.0,4,8
944,8.0,4,5
945,4.0,4,4
946,6.0,9,4
947,3.0,5,1
948,4.0,4,7
949,2.0,6,3
950,8.0,3,9
951,4.0,4,7
952,2.0,4,7
953,3.0,9,9
954,7.0,7,7
955,1.0,4,3
956,4.0,9,7
957,0.0,2,2
958,1.0,1,8
959,6.0,4,4
960,4.0,6,6
961,6.0,6,2
962,8.0,0,1
963,1.0,7,2
964,1.0,0,9
965,0.0,0,0
966,4.0,3,4
967,0.0,0,8
968,8.0,7,7
969,4.0,5,3
970,4.0,6,9
971,8.0,8,8
972,8.0,7,7
973,6.0,4,7
974,8.0,0,8
975,2.0,6,4
976,6.0,4,4
977,1.0,1,1
978,8.0,4,1
979,6.0,2,4
980,8.0,0,1
981,5.0,4,5
982,5.0,2,4
983,0.0,0,0
984,9.0,5,5
985,4.0,6,6
986,4.0,4,2
987,0.0,8,8
988,3.0,6,5
989,0.0,7,0
990,4.0,2,2
991,0.0,8,1
992,3.0,3,3
993,8.0,3,5
994,4.0,5,7
995,6.0,7,3
996,6.0,7,5
997,2.0,1,1
998,9.0,6,3
999,3.0,4,5
1000,8.0,1,9
1001,5.0,4,4
1002,1.0,5,3
1003,4.0,9,2
1004,5.0,5,4
1005,4.0,6,4
1006,3.0,8,8
1007,4.0,2,5
1008,7.0,5,5
1009,0.0,0,2
1010,6.0,7,4
1011,8.0,8,8
1012,4.0,4,0
1013,6.0,0,6
1014,8.0,9,8
1015,1.0,3,5
1016,6.0,6,6
1017,9.0,3,6
1018,4.0,2,4
1019,4.0,7,7
1020,1.0,6,1
1021,1.0,1,1
1022,0.0,0,4
1023,0.0,6,6
1024,4.0,4,2
1025,5.0,3,5
1026,7.0,9,9
1027,2.0,6,6
1028,9.0,9,8
1029,8.0,0,1
1030,0.0,4,3
1031,6.0,7,6
1032,0.0,0,8
1033,4.0,6,5
1034,8.0,9,9
1035,4.0,4,6
1036,1.0,4,8
1037,8.0,5,1
1038,4.0,4,6
1039,0.0,8,8
1040,1.0,0,2
1041,3.0,3,3
1042,4.0,4,7
1043,9.0,2,9
1044,8.0,8,8
1045,7.0,9,9
1046,7.0,7,7
1047,6.0,6,6
1048,4.0,5,3
1049,8.0,9,9
1050,4.0,2,2
1051,5.0,6,6
1052,1.0,8,1
1053,4.0,6,6
1054,1.0,7,7
1055,4.0,4,6
1056,8.0,8,8
1057,8.0,3,3
1058,8.0,8,8
1059,3.0,9,3
1060,0.0,0,8
1061,2.0,5,5
1062,0.0,9,9
1063,4.0,6,4
1064,1.0,8,1
1065,2.0,2,2
1066,0.0,1,5
1067,2.0,6,6
1068,4.0,1,1
1069,8.0,8,4
1070,4.0,7,3
1071,4.0,7,7
1072,0.0,5,5
1073,6.0,6,9
1074,9.0,3,3
1075,1.0,3,9
1076,5.0,3,5
1077,7.0,2,2
1078,6.0,6,9
1079,1.0,0,1
1080,0.0,0,8
1081,6.0,5,5
1082,0.0,9,9
1083,6.0,7,7
1084,0.0,4,0
1085,4.0,4,6
1086,0.0,0,8
1087,9.0,8,8
1088,4.0,0,5
1089,8.0,9,2
1090,1.0,1,1
1091,5.0,3,5
1092,8.0,4,0
1093,6.0,7,5
1094,1.0,6,7
1095,8.0,1,1
1096,3.0,5,5
1097,6.0,3,0
1098,6.0,3,3
1099,8.0,1,9
1100,6.0,0,9
1101,6.0,3,6
1102,6.0,9,9
1103,0.0,3,1
1104,0.0,5,0
1105,5.0,1,9
1106,0.0,8,8
1107,6.0,7,2
1108,4.0,2,0
1109,5.0,3,3
1110,1.0,5,2
1111,5.0,5,5
1112,1.0,9,9
1113,1.0,5,7
1114,9.0,9,9
1115,8.0,9,9
1116,0.0,8,8
1117,1.0,9,9
1118,0.0,3,7
1119,8.0,0,8
1120,1.0,6,5
1121,6.0,6,3
1122,1.0,6,4
1123,6.0,0,0
1124,4.0,6,9
1125,6.0,7,7
1126,4.0,6,6
1127,1.0,8,3
1128,1.0,3,4
1129,4.0,2,2
1130,0.0,0,0
1131,0.0,9,6
1132,4.0,6,6
1133,1.0,3,5
1134,6.0,2,5
1135,9.0,7,7
1136,6.0,4,4
1137,0.0,0,9
1138,4.0,1,8
1139,0.0,2,2
1140,9.0,4,9
1141,8.0,8,8
1142,0.0,7,0
1143,4.0,4,4
1144,9.0,8,0
1145,9.0,8,0
1146,4.0,3,2
1147,9.0,0,0
1148,4.0,4,4
1149,4.0,7,7
1150,9.0,6,9
1151,8.0,8,8
1152,4.0,5,5
1153,1.0,1,1
1154,1.0,6,6
1155,4.0,6,6
1156,5.0,8,9
1157,5.0,5,5
1158,5.0,8,0
1159,4.0,6,6
1160,8.0,3,3
1161,9.0,7,8
1162,8.0,8,8
1163,4.0,4,5
1164,6.0,3,6
1165,4.0,4,7
1166,8.0,8,8
1167,8.0,8,7
1168,0.0,0,0
1169,8.0,0,4
1170,1.0,9,1
1171,9.0,8,9
1172,5.0,5,5
1173,4.0,7,7
1174,4.0,3,8
1175,6.0,6,6
1176,4.0,6,6
1177,8.0,4,8
1178,0.0,8,8
1179,4.0,6,7
1180,4.0,2,2
1181,8.0,8,8
1182,8.0,5,4
1183,0.0,8,8
1184,6.0,7,2
1185,6.0,0,0
1186,1.0,1,9
1187,9.0,3,0
1188,6.0,2,0
1189,1.0,5,2
1190,8.0,1,9
1191,7.0,1,6
1192,4.0,1,6
1193,1.0,3,5
1194,6.0,6,6
1195,8.0,9,0
1196,0.0,8,3
1197,1.0,3,7
1198,9.0,2,3
1199,8.0,4,5
1200,3.0,6,7
1201,3.0,8,9
1202,6.0,4,5
1203,8.0,4,5
1204,1.0,3,5
1205,0.0,0,0
1206,2.0,2,5
1207,4.0,2,2
1208,5.0,3,3
1209,4.0,4,2
1210,6.0,4,6
1211,0.0,0,0
1212,6.0,6,4
1213,1.0,8,9
1214,0.0,0,0
1215,9.0,0,7
1216,5.0,9,0
1217,5.0,9,9
1218,4.0,7,7
1219,0.0,3,2
1220,4.0,6,6
1221,4.0,4,4
1222,8.0,9,5
1223,1.0,1,9
1224,1.0,3,9
1225,4.0,4,4
1226,7.0,7,7
1227,4.0,4,7
1228,6.0,6,6
1229,8.0,8,8
1230,8.0,8,8
1231,0.0,9,9
1232,3.0,1,9
1233,9.0,9,9
1234,6.0,0,0
1235,8.0,0,9
1236,0.0,8,8
1237,6.0,6,6
1238,6.0,7,4
1239,6.0,3,8
1240,1.0,2,1
1241,0.0,7,9
1242,6.0,1,1
1243,0.0,0,0
1244,6.0,5,5
1245,8.0,8,8
1246,4.0,6,6
1247,8.0,1,9
1248,5.0,6,6
1249,0.0,0,0
1250,0.0,9,8
1251,3.0,1,1
1252,3.0,9,7
1253,8.0,1,9
1254,0.0,0,4
1255,9.0,8,8
1256,4.0,6,4
1257,8.0,7,3
1258,4.0,3,2
1259,1.0,2,6
1260,0.0,9,0
1261,0.0,8,8
1262,0.0,1,9
1263,8.0,6,9
1264,8.0,4,4
1265,1.0,4,3
1266,1.0,3,0
1267,4.0,5,2
1268,6.0,0,4
1269,4.0,4,4
1270,0.0,5,0
1271,4.0,6,3
1272,3.0,6,5
1273,6.0,9,7
1274,6.0,5,5
1275,4.0,4,7
1276,4.0,4,4
1277,8.0,9,9
1278,0.0,8,0
1279,3.0,9,9
1280,3.0,4,5
1281,5.0,7,3
1282,4.0,8,8
1283,2.0,0,2
1284,4.0,4,8
1285,4.0,4,2
1286,8.0,0,3
1287,1.0,1,1
1288,4.0,7,2
1289,8.0,9,8
1290,8.0,7,9
1291,6.0,3,2
1292,8.0,4,8
1293,9.0,6,1
1294,4.0,8,4
1295,4.0,6,2
1296,8.0,0,0
1297,8.0,4,4
1298,8.0,3,5
1299,4.0,6,4
1300,6.0,8,8
1301,3.0,8,1
1302,4.0,1,7
1303,4.0,4,4
1304,8.0,7,1
1305,1.0,9,1
1306,0.0,8,0
1307,4.0,4,2
1308,5.0,6,7
1309,3.0,1,7
1310,1.0,5,4
1311,4.0,3,4
1312,5.0,7,4
1313,4.0,4,4
1314,8.0,8,8
1315,6.0,8,4
1316,3.0,3,3
1317,6.0,6,6
1318,8.0,6,6
1319,0.0,0,0
1320,5.0,8,1
1321,6.0,0,4
1322,1.0,6,9
1323,8.0,8,8
1324,6.0,3,5
1325,4.0,4,8
1326,1.0,3,9
1327,6.0,1,6
1328,9.0,2,2
1329,2.0,7,0
1330,6.0,4,5
1331,6.0,6,5
1332,5.0,9,9
1333,4.0,6,4
1334,2.0,2,0
1335,0.0,0,0
1336,0.0,8,8
1337,9.0,1,8
1338,8.0,9,0
1339,4.0,4,4
1340,0.0,0,0
1341,1.0,4,7
1342,9.0,5,5
1343,3.0,1,9
1344,1.0,3,5
1345,1.0,3,3
1346,9.0,5,3
1347,6.0,6,4
1348,7.0,5,4
1349,5.0,5,4
1350,3.0,6,4
1351,1.0,3,3
1352,4.0,8,7
1353,7.0,9,9
1354,4.0,2,2
1355,3.0,3,5
1356,8.0,9,1
1357,5.0,0,8
1358,8.0,3,3
1359,1.0,3,2
1360,2.0,6,6
1361,0.0,9,9
1362,0.0,6,6
1363,1.0,9,3
1364,3.0,8,1
1365,5.0,9,7
1366,8.0,7,4
1367,6.0,6,6
1368,0.0,7,5
1369,6.0,7,7
1370,1.0,0,8
1371,3.0,9,6
1372,2.0,2,2
1373,4.0,4,4
1374,6.0,6,6
1375,8.0,8,8
1376,0.0,0,0
1377,3.0,2,1
1378,8.0,9,9
1379,1.0,1,9
1380,8.0,8,8
1381,9.0,6,0
1382,4.0,8,0
1383,8.0,8,8
1384,3.0,3,9
1385,4.0,4,4
1386,6.0,7,7
1387,1.0,6,4
1388,4.0,2,4
1389,1.0,1,1
1390,0.0,0,9
1391,8.0,8,8
1392,0.0,8,8
1393,6.0,6,6
1394,1.0,1,1
1395,4.0,4,7
1396,4.0,2,4
1397,0.0,8,8
1398,8.0,8,8
1399,8.0,8,8
1400,8.0,8,0
1401,6.0,6,5
1402,2.0,2,6
1403,6.0,6,6
1404,4.0,8,8
1405,4.0,5,6
1406,4.0,4,4
1407,4.0,3,4
1408,3.0,1,1
1409,4.0,6,2
1410,8.0,1,1
1411,2.0,0,5
1412,9.0,7,7
1413,1.0,9,9
1414,4.0,7,7
1415,8.0,7,9
1416,9.0,9,8
1417,8.0,8,5
1418,1.0,0,9
1419,6.0,5,5
1420,1.0,7,6
1421,3.0,1,9
1422,4.0,9,9
1423,1.0,5,5
1424,8.0,0,0
1425,6.0,6,6
1426,9.0,3,3
1427,1.0,6,9
1428,8.0,0,0
1429,0.0,8,8
1430,4.0,3,2
1431,8.0,8,8
1432,8.0,2,0
1433,8.0,0,9
1434,0.0,0,0
1435,4.0,4,4
1436,6.0,6,6
1437,1.0,9,9
1438,0.0,9,2
1439,0.0,0,8
1440,4.0,6,2
1441,4.0,7,7
1442,3.0,7,6
1443,4.0,3,2
1444,4.0,4,2
1445,9.0,0,7
1446,3.0,8,1
1447,3.0,6,6
1448,8.0,8,1
1449,5.0,5,3
1450,1.0,4,4
1451,3.0,9,3
1452,6.0,9,8
1453,1.0,6,6
1454,3.0,1,0
1455,1.0,1,1
1456,9.0,9,9
1457,1.0,0,4
1458,2.0,2,2
1459,6.0,1,7
1460,2.0,5,5
1461,5.0,5,3
1462,0.0,9,9
1463,8.0,1,0
1464,0.0,1,1
1465,8.0,9,9
1466,8.0,4,0
1467,8.0,9,9
1468,8.0,9,8
1469,6.0,1,7
1470,1.0,1,0
1471,3.0,2,4
1472,4.0,9,9
1473,5.0,1,8
1474,8.0,3,4
1475,1.0,2,2
1476,1.0,1,1
1477,8.0,2,0
1478,1.0,8,2
1479,8.0,8,8
1480,3.0,6,8
1481,4.0,9,9
1482,3.0,7,5
1483,3.0,7,7
1484,6.0,2,6
1485,6.0,6,6
1486,5.0,3,5
1487,6.0,3,3
1488,4.0,2,7
1489,3.0,5,5
1490,0.0,4,7
1491,4.0,4,4
1492,8.0,2,2
1493,0.0,0,0
1494,8.0,1,1
1495,9.0,7,7
1496,4.0,4,5
1497,4.0,4,2
1498,3.0,7,7
1499,5.0,6,7
1500,6.0,2,0
1501,1.0,2,2
1502,2.0,1,1
1503,1.0,5,5
1504,8.0,4,9
1505,4.0,6,9
1506,8.0,4,8
1507,0.0,8,0
1508,0.0,8,8
1509,8.0,8,0
1510,1.0,5,6
1511,3.0,3,3
1512,0.0,9,8
1513,0.0,2,5
1514,0.0,8,8
1515,8.0,9,8
1516,1.0,7,4
1517,3.0,5,5
1518,6.0,6,7
1519,9.0,7,5
1520,1.0,1,1
1521,4.0,6,5
1522,9.0,9,0
1523,4.0,4,4
1524,0.0,0,0
1525,6.0,6,5
1526,4.0,7,4
1527,9.0,3,2
1528,9.0,3,3
1529,6.0,6,6
1530,6.0,6,2
1531,6.0,3,6
1532,1.0,4,2
1533,0.0,0,0
1534,6.0,9,3
1535,4.0,9,4
1536,6.0,6,6
1537,4.0,5,6
1538,4.0,7,5
1539,1.0,3,3
1540,8.0,4,0
1541,8.0,1,1
1542,4.0,2,2
1543,6.0,7,7
1544,6.0,7,7
1545,0.0,3,5
1546,1.0,8,3
1547,8.0,1,0
1548,1.0,1,9
1549,9.0,7,7
1550,4.0,6,4
1551,3.0,7,1
1552,4.0,6,6
1553,8.0,3,3
1554,5.0,3,3
1555,6.0,0,3
1556,1.0,3,3
1557,8.0,3,5
1558,0.0,8,8
1559,6.0,1,1
1560,1.0,7,0
1561,1.0,7,8
1562,4.0,8,7
1563,4.0,6,6
1564,8.0,0,8
1565,8.0,1,1
1566,4.0,4,2
1567,1.0,8,7
1568,0.0,3,3
1569,3.0,5,4
1570,0.0,1,1
1571,6.0,1,1
1572,8.0,6,9
1573,4.0,6,4
1574,1.0,6,1
1575,2.0,4,4
1576,6.0,4,2
1577,4.0,4,7
1578,8.0,0,9
1579,1.0,1,5
1580,4.0,4,4
1581,3.0,7,7
1582,6.0,7,7
1583,1.0,7,7
1584,6.0,6,6
1585,6.0,6,6
1586,1.0,9,1
1587,8.0,2,9
1588,4.0,5,5
1589,0.0,8,0
1590,0.0,9,9
1591,4.0,3,5
1592,1.0,6,7
1593,0.0,0,8
1594,0.0,0,0
1595,4.0,7,4
1596,1.0,6,6
1597,8.0,8,0
1598,8.0,9,0
1599,8.0,1,1
1600,4.0,1,5
1601,0.0,0,0
1602,1.0,9,9
1603,6.0,3,2
1604,8.0,5,9
1605,2.0,9,1
1606,4.0,4,2
1607,0.0,2,0
1608,4.0,6,3
1609,4.0,3,7
1610,1.0,3,9
1611,8.0,1,1
1612,1.0,9,9
1613,1.0,8,6
1614,4.0,2,4
1615,4.0,4,4
1616,8.0,8,8
1617,8.0,8,8
1618,0.0,7,5
1619,8.0,6,9
1620,0.0,8,2
1621,3.0,8,1
1622,8.0,9,9
1623,4.0,3,5
1624,4.0,6,4
1625,0.0,3,5
1626,0.0,9,0
1627,3.0,6,6
1628,6.0,7,6
1629,8.0,5,0
1630,4.0,8,4
1631,1.0,1,1
1632,0.0,8,0
1633,8.0,9,9
1634,5.0,5,5
1635,6.0,7,6
1636,3.0,8,5
1637,5.0,6,6
1638,1.0,9,9
1639,4.0,4,4
1640,8.0,9,0
1641,6.0,2,2
1642,4.0,6,6
1643,8.0,8,8
1644,5.0,7,4
1645,2.0,9,7
1646,4.0,6,6
1647,9.0,5,5
1648,5.0,8,9
1649,1.0,9,8
1650,6.0,7,7
1651,0.0,9,1
1652,3.0,9,9
1653,5.0,9,5
1654,8.0,7,4
1655,6.0,3,3
1656,2.0,6,5
1657,9.0,6,4
1658,0.0,5,3
1659,4.0,9,1
1660,1.0,1,1
1661,1.0,5,5
1662,5.0,5,5
1663,0.0,0,4
1664,0.0,0,0
1665,0.0,8,8
1666,4.0,3,5
1667,1.0,7,4
1668,0.0,0,0
1669,8.0,4,1
1670,4.0,4,2
1671,0.0,7,8
1672,1.0,9,9
1673,0.0,0,8
1674,0.0,1,0
1675,2.0,2,2
1676,6.0,2,2
1677,4.0,2,2
1678,4.0,6,5
1679,4.0,7,7
1680,8.0,0,8
1681,0.0,1,1
1682,3.0,1,1
1683,8.0,8,8
1684,1.0,6,0
1685,1.0,3,3
1686,5.0,8,8
1687,7.0,6,6
1688,8.0,8,8
1689,8.0,1,1
1690,5.0,6,6
1691,6.0,6,7
1692,6.0,4,4
1693,3.0,7,2
1694,6.0,1,1
1695,6.0,6,4
1696,1.0,5,3
1697,0.0,1,9
1698,1.0,3,7
1699,0.0,8,8
1700,8.0,0,3
1701,0.0,0,0
1702,8.0,9,6
1703,6.0,9,3
1704,1.0,1,4
1705,0.0,7,2
1706,6.0,7,9
1707,7.0,5,1
1708,8.0,1,0
1709,1.0,0,0
1710,4.0,7,7
1711,8.0,8,0
1712,4.0,4,4
1713,0.0,3,5
1714,8.0,6,9
1715,8.0,5,0
1716,4.0,7,4
1717,0.0,3,5
1718,9.0,0,9
1719,1.0,5,5
1720,8.0,8,8
1721,8.0,7,5
1722,5.0,5,6
1723,1.0,9,9
1724,3.0,4,1
1725,1.0,9,9
1726,8.0,8,8
1727,0.0,6,2
1728,4.0,2,4
1729,7.0,7,7
1730,6.0,2,6
1731,1.0,1,1
1732,0.0,8,8
1733,4.0,6,6
1734,1.0,9,9
1735,6.0,6,3
1736,1.0,9,1
1737,8.0,5,4
1738,4.0,7,7
1739,1.0,7,4
1740,0.0,0,0
1741,6.0,2,6
1742,1.0,4,2
1743,6.0,6,6
1744,3.0,0,9
1745,4.0,7,2
1746,4.0,4,6
1747,1.0,9,1
1748,1.0,9,9
1749,0.0,0,8
1750,5.0,5,5
1751,0.0,8,8
1752,4.0,4,2
1753,4.0,2,2
1754,4.0,5,5
1755,3.0,8,9
1756,6.0,4,2
1757,9.0,9,0
1758,4.0,3,7
1759,8.0,8,8
1760,4.0,6,6
1761,7.0,6,6
1762,4.0,4,4
1763,8.0,8,8
1764,3.0,7,7
1765,6.0,1,9
1766,1.0,6,6
1767,4.0,6,9
1768,0.0,7,4
1769,3.0,3,3
1770,9.0,8,8
1771,4.0,8,8
1772,3.0,6,5
1773,1.0,5,9
1774,4.0,9,9
1775,8.0,9,8
1776,4.0,5,7
1777,4.0,5,2
1778,1.0,0,3
1779,4.0,2,5
1780,0.0,2,5
1781,0.0,8,1
1782,0.0,0,8
1783,0.0,6,7
1784,4.0,2,4
1785,0.0,8,6
1786,5.0,5,5
1787,0.0,0,0
1788,4.0,2,2
1789,6.0,4,2
1790,1.0,1,1
1791,8.0,4,4
1792,1.0,3,2
1793,1.0,0,5
1794,0.0,8,8
1795,1.0,6,4
1796,8.0,8,9
1797,0.0,8,8
1798,4.0,4,4
1799,1.0,8,1
1800,0.0,2,2
1801,1.0,5,5
1802,4.0,6,6
1803,5.0,6,3
1804,6.0,4,4
1805,1.0,0,5
1806,3.0,7,7
1807,6.0,7,6
1808,6.0,3,7
1809,6.0,6,6
1810,4.0,2,5
1811,0.0,9,0
1812,4.0,2,1
1813,0.0,7,4
1814,7.0,4,4
1815,0.0,5,3
1816,0.0,2,0
1817,4.0,2,6
1818,9.0,1,2
1819,4.0,6,6
1820,8.0,1,1
1821,8.0,9,9
1822,0.0,8,8
1823,1.0,4,6
1824,0.0,7,0
1825,1.0,4,7
1826,4.0,4,4
1827,1.0,4,9
1828,9.0,4,7
1829,1.0,5,9
1830,4.0,6,0
1831,0.0,0,0
1832,4.0,2,2
1833,4.0,6,7
1834,3.0,3,5
1835,4.0,7,7
1836,1.0,6,6
1837,6.0,6,6
1838,4.0,2,2
1839,4.0,6,3
1840,4.0,4,7
1841,1.0,5,3
1842,3.0,5,2
1843,1.0,0,8
1844,6.0,4,2
1845,0.0,3,3
1846,0.0,5,5
1847,3.0,4,5
1848,8.0,5,5
1849,1.0,0,5
1850,2.0,2,2
1851,4.0,7,4
1852,4.0,6,2
1853,0.0,9,8
1854,4.0,4,7
1855,4.0,4,4
1856,0.0,3,3
1857,0.0,8,7
1858,1.0,6,7
1859,3.0,1,8
1860,4.0,5,4
1861,4.0,3,2
1862,8.0,8,8
1863,7.0,5,4
1864,2.0,0,3
1865,3.0,3,5
1866,4.0,6,4
1867,6.0,8,2
1868,8.0,2,9
1869,1.0,1,1
1870,2.0,7,4
1871,6.0,2,0
1872,0.0,0,0
1873,4.0,3,5
1874,4.0,6,6
1875,3.0,4,5
1876,4.0,6,6
1877,6.0,6,9
1878,5.0,6,0
1879,9.0,5,3
1880,6.0,3,4
1881,4.0,4,4
1882,8.0,0,0
1883,4.0,2,2
1884,5.0,5,3
1885,1.0,2,0
1886,6.0,6,5
1887,0.0,8,0
1888,9.0,8,0
1889,4.0,4,4
1890,4.0,7,7
1891,7.0,0,7
1892,3.0,5,3
1893,1.0,9,9
1894,4.0,3,7
1895,0.0,4,3
1896,4.0,7,7
1897,0.0,6,3
1898,4.0,8,7
1899,6.0,3,7
1900,6.0,7,7
1901,0.0,1,1
1902,6.0,9,7
1903,1.0,4,4
1904,1.0,4,4
1905,4.0,7,7
1906,1.0,9,9
1907,6.0,1,1
1908,9.0,4,7
1909,6.0,7,7
1910,4.0,4,4
1911,1.0,5,5
1912,7.0,9,9
1913,8.0,4,0
1914,8.0,4,8
1915,2.0,7,7
1916,4.0,0,3
1917,4.0,6,6
1918,0.0,2,2
1919,5.0,3,3
1920,8.0,4,8
1921,4.0,2,2
1922,6.0,9,4
1923,6.0,4,4
1924,8.0,6,1
1925,4.0,4,4
1926,8.0,8,8
1927,2.0,7,7
1928,5.0,5,5
1929,6.0,4,2
1930,4.0,7,7
1931,4.0,7,7
1932,6.0,6,2
1933,4.0,6,5
1934,4.0,5,7
1935,6.0,8,0
1936,8.0,8,0
1937,6.0,7,4
1938,1.0,0,3
1939,0.0,5,8
1940,4.0,9,9
1941,4.0,4,4
1942,4.0,3,5
1943,6.0,4,4
1944,8.0,6,6
1945,9.0,7,7
1946,9.0,9,9
1947,4.0,5,9
1948,1.0,2,6
1949,8.0,4,5
1950,6.0,0,0
1951,9.0,3,2
1952,4.0,7,4
1953,6.0,4,4
1954,0.0,0,0
1955,6.0,6,6
1956,6.0,6,6
1957,8.0,8,8
1958,0.0,8,3
1959,4.0,4,6
1960,4.0,0,0
1961,1.0,3,3
1962,4.0,6,3
1963,8.0,3,0
1964,0.0,9,8
1965,9.0,3,3
1966,0.0,3,3
1967,1.0,8,8
1968,6.0,6,6
1969,1.0,6,3
1970,1.0,3,8
1971,4.0,6,2
1972,0.0,9,9
1973,0.0,1,1
1974,6.0,4,4
1975,1.0,9,9
1976,8.0,3,8
1977,1.0,3,4
1978,7.0,6,6
1979,3.0,5,5
1980,0.0,0,0
1981,8.0,2,0
1982,1.0,1,6
1983,6.0,6,5
1984,3.0,2,5
1985,3.0,1,1
1986,4.0,7,5
1987,1.0,9,9
1988,6.0,0,0
1989,6.0,6,6
1990,1.0,4,2
1991,4.0,5,5
1992,6.0,4,4
1993,8.0,0,5
1994,9.0,8,8
1995,2.0,4,2
1996,8.0,8,8
1997,4.0,7,7
1998,8.0,5,5
1999,0.0,0,0
2000,4.0,7,7
2001,1.0,3,9
2002,8.0,9,9
2003,8.0,8,8
2004,6.0,5,2
2005,1.0,9,1
2006,5.0,6,0
2007,4.0,3,2
2008,5.0,7,7
2009,4.0,6,5
2010,5.0,0,1
2011,4.0,3,5
2012,6.0,0,8
2013,8.0,7,0
2014,8.0,0,0
2015,6.0,7,7
2016,1.0,8,9
2017,5.0,3,5
2018,4.0,4,8
2019,9.0,3,6
2020,1.0,9,9
2021,0.0,9,0
2022,1.0,3,7
2023,8.0,4,1
2024,5.0,9,9
2025,8.0,3,5
2026,1.0,9,5
2027,0.0,2,0
2028,1.0,3,5
2029,9.0,1,1
2030,6.0,6,7
2031,0.0,8,8
2032,8.0,9,9
2033,4.0,6,2
2034,0.0,0,0
2035,8.0,0,0
2036,6.0,4,8
2037,9.0,3,1
2038,8.0,1,1
2039,4.0,9,1
2040,4.0,8,6
2041,4.0,7,5
2042,8.0,7,5
2043,6.0,6,6
2044,4.0,2,2
2045,9.0,0,7
2046,6.0,1,1
2047,6.0,3,9
2048,3.0,3,3
2049,1.0,0,2
2050,4.0,3,6
2051,6.0,9,4
2052,1.0,1,1
2053,6.0,0,0
2054,5.0,2,5
2055,0.0,9,9
2056,4.0,6,4
2057,5.0,3,4
2058,8.0,7,9
2059,3.0,5,5
2060,8.0,4,9
2061,0.0,8,9
2062,0.0,8,0
2063,9.0,2,7
2064,5.0,1,5
2065,0.0,9,8
2066,0.0,3,0
2067,3.0,1,1
2068,1.0,4,3
2069,4.0,6,4
2070,9.0,3,8
2071,2.0,6,5
2072,6.0,1,1
2073,7.0,3,5
2074,9.0,7,7
2075,4.0,7,7
2076,4.0,2,2
2077,8.0,8,8
2078,9.0,5,4
2079,0.0,2,2
2080,7.0,4,2
2081,4.0,3,5
2082,1.0,5,3
2083,6.0,3,9
2084,3.0,1,1
2085,8.0,3,2
2086,8.0,1,9
2087,8.0,2,2
2088,4.0,8,4
2089,4.0,3,5
2090,8.0,2,2
2091,2.0,2,2
2092,6.0,9,3
2093,2.0,2,2
2094,1.0,1,1
2095,1.0,5,5
2096,8.0,8,8
2097,6.0,9,9
2098,4.0,6,0
2099,4.0,6,6
2100,4.0,6,6
2101,4.0,6,1
2102,3.0,7,7
2103,0.0,3,8
2104,4.0,5,5
2105,6.0,2,4
2106,4.0,4,2
2107,0.0,0,0
2108,6.0,7,5
2109,8.0,8,8
2110,8.0,8,8
2111,4.0,6,6
2112,1.0,6,6
2113,7.0,7,7
2114,1.0,9,2
2115,6.0,4,6
2116,4.0,4,4
2117,3.0,5,5
2118,8.0,9,1
2119,5.0,7,7
2120,4.0,7,5
2121,4.0,2,2
2122,9.0,0,4
2123,4.0,7,4
2124,6.0,6,6
2125,3.0,3,7
2126,6.0,4,2
2127,9.0,5,6
2128,4.0,8,8
2129,1.0,9,9
2130,4.0,3,3
2131,4.0,4,4
2132,9.0,5,4
2133,4.0,2,2
2134,1.0,6,6
2135,0.0,7,7
2136,6.0,4,2
2137,3.0,6,3
2138,3.0,7,2
2139,4.0,7,7
2140,4.0,7,7
2141,0.0,1,9
2142,0.0,0,0
2143,1.0,1,1
2144,4.0,6,4
2145,0.0,0,0
2146,6.0,9,6
2147,3.0,1,5
2148,9.0,1,5
2149,8.0,1,1
2150,6.0,0,6
2151,3.0,0,7
2152,4.0,6,6
2153,8.0,5,1
2154,0.0,3,5
2155,0.0,4,4
2156,0.0,0,0
2157,1.0,9,9
2158,1.0,7,9
2159,4.0,6,6
2160,8.0,0,8
2161,8.0,8,8
2162,5.0,8,5
2163,6.0,9,2
2164,4.0,4,3
2165,5.0,7,3
2166,9.0,8,8
2167,5.0,5,5
2168,4.0,7,7
2169,0.0,0,0
2170,1.0,9,9
2171,0.0,2,0
2172,0.0,8,8
2173,5.0,8,1
2174,1.0,3,3
2175,3.0,7,4
2176,0.0,8,8
2177,4.0,2,2
2178,6.0,4,4
2179,4.0,6,6
2180,8.0,1,1
2181,3.0,7,3
2182,4.0,3,5
2183,1.0,5,5
2184,1.0,3,1
2185,8.0,1,1
2186,0.0,6,1
2187,1.0,7,9
2188,3.0,6,5
2189,8.0,8,8
2190,5.0,3,5
2191,4.0,4,2
2192,9.0,8,9
2193,0.0,6,0
2194,5.0,5,5
2195,3.0,4,7
2196,4.0,4,4
2197,4.0,2,4
2198,8.0,9,9
2199,8.0,4,9
2200,1.0,5,9
2201,4.0,9,0
2202,6.0,7,2
2203,4.0,6,6
2204,8.0,1,1
2205,1.0,6,2
2206,9.0,9,9
2207,4.0,7,7
2208,1.0,6,9
2209,3.0,0,0
2210,6.0,0,4
2211,6.0,0,7
2212,8.0,7,8
2213,4.0,6,4
2214,1.0,9,9
2215,3.0,9,9
2216,6.0,4,4
2217,1.0,8,7
2218,9.0,6,9
2219,4.0,7,9
2220,8.0,8,8
2221,8.0,2,8
2222,6.0,7,6
2223,4.0,3,3
2224,8.0,9,2
2225,8.0,0,4
2226,7.0,0,6
2227,0.0,1,9
2228,1.0,7,7
2229,0.0,0,8
2230,1.0,3,2
2231,1.0,4,5
2232,8.0,9,8
2233,4.0,7,0
2234,7.0,4,4
2235,0.0,4,4
2236,1.0,5,5
2237,4.0,8,3
2238,6.0,4,4
2239,5.0,7,6
2240,8.0,5,5
2241,2.0,9,6
2242,1.0,3,5
2243,4.0,7,7
2244,9.0,6,7
2245,4.0,6,6
2246,0.0,0,5
2247,0.0,0,0
2248,1.0,7,0
2249,1.0,9,1
2250,9.0,9,1
2251,0.0,9,9
2252,6.0,6,6
2253,4.0,4,6
2254,1.0,3,5
2255,8.0,8,8
2256,4.0,4,7
2257,8.0,7,4
2258,6.0,0,0
2259,8.0,4,1
2260,1.0,7,5
2261,1.0,3,5
2262,6.0,7,0
2263,1.0,2,7
2264,0.0,2,0
2265,8.0,3,8
2266,6.0,2,5
2267,3.0,2,6
2268,0.0,1,1
2269,6.0,3,2
2270,1.0,3,3
2271,4.0,3,5
2272,8.0,8,8
2273,7.0,9,9
2274,6.0,6,6
2275,8.0,7,7
2276,6.0,6,6
2277,8.0,0,0
2278,4.0,7,7
2279,1.0,4,2
2280,8.0,1,1
2281,8.0,1,9
2282,6.0,4,4
2283,3.0,1,1
2284,8.0,3,8
2285,9.0,7,8
2286,0.0,8,1
2287,0.0,0,0
2288,7.0,7,6
2289,0.0,1,1
2290,9.0,1,7
2291,2.0,7,2
2292,4.0,6,6
2293,2.0,7,7
2294,6.0,7,5
2295,6.0,6,6
2296,0.0,6,6
2297,4.0,3,4
2298,0.0,8,8
2299,6.0,9,6
2300,4.0,7,7
2301,4.0,7,7
2302,8.0,0,9
2303,1.0,1,9
2304,6.0,7,4
2305,1.0,1,5
2306,0.0,1,1
2307,1.0,3,2
2308,6.0,6,9
2309,3.0,2,8
2310,2.0,4,2
2311,6.0,5,7
2312,3.0,5,3
2313,1.0,3,9
2314,8.0,7,5
2315,6.0,6,2
2316,0.0,3,5
2317,4.0,5,2
2318,8.0,1,8
2319,6.0,7,7
2320,1.0,1,9
2321,5.0,7,7
2322,8.0,2,0
2323,0.0,8,8
2324,4.0,4,3
2325,3.0,8,8
2326,4.0,6,3
2327,1.0,8,4
2328,1.0,1,1
2329,4.0,6,2
2330,0.0,8,8
2331,4.0,7,7
2332,9.0,9,9
2333,0.0,0,8
2334,5.0,5,5
2335,4.0,7,5
2336,4.0,6,6
2337,6.0,6,3
2338,1.0,7,9
2339,3.0,5,1
2340,4.0,6,2
2341,0.0,0,0
2342,9.0,8,0
2343,4.0,3,2
2344,8.0,8,8
2345,6.0,0,0
2346,0.0,0,2
2347,3.0,3,9
2348,4.0,2,3
2349,0.0,6,2
2350,4.0,4,0
2351,1.0,8,9
2352,1.0,9,9
2353,4.0,1,3
2354,0.0,9,9
2355,1.0,4,0
2356,7.0,6,6
2357,3.0,9,9
2358,7.0,7,7
2359,2.0,5,3
2360,4.0,7,7
2361,6.0,6,5
2362,0.0,9,1
2363,6.0,6,4
2364,6.0,2,6
2365,8.0,0,0
2366,4.0,7,7
2367,1.0,3,5
2368,0.0,8,8
2369,6.0,6,6
2370,1.0,7,7
2371,6.0,1,6
2372,6.0,4,2
2373,1.0,5,5
2374,6.0,2,5
2375,4.0,3,3
2376,4.0,5,3
2377,9.0,0,0
2378,6.0,2,2
2379,9.0,1,6
2380,8.0,9,9
2381,8.0,0,8
2382,0.0,8,8
2383,9.0,8,8
2384,8.0,3,5
2385,6.0,6,4
2386,8.0,5,3
2387,7.0,4,2
2388,9.0,8,8
2389,1.0,1,1
2390,1.0,1,1
2391,0.0,8,8
2392,8.0,7,9
2393,6.0,6,2
2394,1.0,9,1
2395,8.0,3,8
2396,1.0,9,7
2397,5.0,1,7
2398,3.0,0,5
2399,5.0,7,7
2400,6.0,6,6
2401,0.0,0,0
2402,4.0,1,4
2403,0.0,1,0
2404,3.0,7,3
2405,6.0,3,7
2406,6.0,2,3
2407,6.0,6,6
2408,0.0,8,4
2409,0.0,4,6
2410,1.0,1,5
2411,3.0,6,6
2412,1.0,8,3
2413,8.0,0,4
2414,5.0,4,5
2415,4.0,4,4
2416,4.0,5,5
2417,1.0,8,8
2418,6.0,4,4
2419,6.0,6,4
2420,8.0,0,0
2421,8.0,0,0
2422,3.0,1,1
2423,8.0,1,0
2424,4.0,6,6
2425,6.0,3,3
2426,8.0,8,8
2427,0.0,6,0
2428,3.0,1,1
2429,0.0,0,0
2430,6.0,7,7
2431,3.0,9,1
2432,2.0,3,3
2433,1.0,1,1
2434,8.0,0,8
2435,0.0,6,0
2436,6.0,3,2
2437,3.0,7,9
2438,9.0,8,8
2439,1.0,8,6
2440,1.0,5,5
2441,0.0,0,8
2442,1.0,8,4
2443,9.0,0,2
2444,6.0,7,4
2445,1.0,6,1
2446,9.0,6,0
2447,6.0,5,3
2448,8.0,9,9
2449,4.0,7,7
2450,0.0,0,4
2451,4.0,0,0
2452,6.0,3,3
2453,0.0,4,0
2454,3.0,0,8
2455,1.0,8,1
2456,8.0,1,1
2457,4.0,4,5
2458,3.0,5,4
2459,0.0,0,0
2460,0.0,0,0
2461,4.0,5,4
2462,0.0,8,8
2463,8.0,8,8
2464,0.0,8,8
2465,4.0,4,3
2466,8.0,9,1
2467,6.0,6,2
2468,8.0,1,9
2469,1.0,0,1
2470,4.0,2,2
2471,8.0,8,8
2472,1.0,1,7
2473,0.0,0,0
2474,6.0,7,7
2475,6.0,6,6
2476,2.0,2,2
2477,1.0,9,9
2478,0.0,0,0
2479,1.0,2,3
2480,4.0,7,7
2481,2.0,7,7
2482,5.0,3,5
2483,0.0,8,8
2484,8.0,4,2
2485,6.0,4,4
2486,3.0,3,4
2487,9.0,3,8
2488,4.0,4,7
2489,0.0,0,8
2490,5.0,2,0
2491,4.0,2,2
2492,6.0,4,7
2493,1.0,3,7
2494,5.0,6,6
2495,8.0,7,9
2496,8.0,1,1
2497,8.0,1,9
2498,9.0,9,9
2499,4.0,7,7
2500,7.0,4,5
2501,8.0,7,3
2502,4.0,4,7
2503,2.0,6,6
2504,2.0,0,0
2505,3.0,0,3
2506,3.0,7,9
2507,1.0,6,2
2508,8.0,9,9
2509,0.0,3,5
2510,6.0,3,6
2511,3.0,1,8
2512,0.0,8,0
2513,0.0,8,0
2514,1.0,5,2
2515,0.0,0,4
2516,4.0,5,5
2517,6.0,4,6
2518,0.0,3,3
2519,6.0,4,2
2520,4.0,4,4
2521,2.0,5,3
2522,4.0,4,5
2523,5.0,1,8
2524,8.0,1,9
2525,1.0,6,5
2526,1.0,9,9
2527,4.0,3,3
2528,0.0,7,4
2529,8.0,8,9
2530,6.0,1,3
2531,9.0,8,9
2532,3.0,1,5
2533,5.0,6,2
2534,8.0,9,8
2535,4.0,6,8
2536,6.0,7,5
2537,6.0,6,2
2538,4.0,4,2
2539,0.0,4,7
2540,0.0,3,2
2541,7.0,7,7
2542,1.0,3,6
2543,7.0,2,2
2544,3.0,2,4
2545,3.0,5,1
2546,8.0,2,0
2547,9.0,7,9
2548,1.0,7,9
2549,6.0,5,5
2550,8.0,4,2
2551,8.0,9,9
2552,8.0,1,8
2553,9.0,2,7
2554,8.0,0,7
2555,1.0,0,7
2556,6.0,1,6
2557,6.0,4,2
2558,8.0,8,8
2559,5.0,3,3
2560,4.0,3,7
2561,1.0,2,2
2562,4.0,9,3
2563,9.0,7,7
2564,1.0,7,3
2565,8.0,3,3
2566,4.0,6,6
2567,4.0,4,2
2568,1.0,9,1
2569,8.0,6,9
2570,8.0,1,1
2571,5.0,6,6
2572,7.0,8,9
2573,4.0,2,4
2574,8.0,8,0
2575,4.0,5,2
2576,4.0,4,4
2577,0.0,8,8
2578,0.0,6,0
2579,8.0,5,5
2580,1.0,4,4
2581,6.0,3,5
2582,8.0,1,1
2583,4.0,6,6
2584,8.0,1,1
2585,0.0,2,9
2586,0.0,9,8
2587,8.0,1,1
2588,8.0,1,1
2589,1.0,9,2
2590,3.0,1,9
2591,4.0,7,4
2592,8.0,8,8
2593,8.0,8,8
2594,4.0,3,6
2595,4.0,4,4
2596,9.0,8,6
2597,7.0,9,1
2598,0.0,0,0
2599,4.0,8,8
2600,4.0,1,1
2601,4.0,6,7
2602,1.0,6,6
2603,8.0,0,8
2604,1.0,4,5
2605,4.0,6,6
2606,3.0,5,3
2607,4.0,6,6
2608,0.0,0,7
2609,1.0,1,9
2610,8.0,2,8
2611,7.0,7,7
2612,3.0,6,7
2613,0.0,0,0
2614,6.0,2,7
2615,1.0,1,1
2616,6.0,4,7
2617,8.0,3,0
2618,6.0,5,6
2619,0.0,5,2
2620,6.0,7,7
2621,1.0,5,5
2622,6.0,3,0
2623,8.0,6,6
2624,1.0,3,9
2625,4.0,1,6
2626,6.0,4,5
2627,1.0,3,3
2628,8.0,8,1
2629,6.0,2,4
2630,1.0,1,1
2631,3.0,8,6
2632,1.0,9,9
2633,0.0,9,0
2634,8.0,4,5
2635,8.0,7,8
2636,6.0,9,9
2637,9.0,0,9
2638,5.0,6,6
2639,0.0,0,0
2640,8.0,9,8
2641,0.0,2,5
2642,9.0,0,0
2643,8.0,0,1
2644,1.0,9,9
2645,8.0,8,9
2646,0.0,9,8
2647,0.0,2,4
2648,1.0,5,3
2649,6.0,3,3
2650,4.0,6,6
2651,8.0,7,7
2652,9.0,4,0
2653,4.0,8,6
2654,6.0,4,4
2655,8.0,3,9
2656,4.0,0,1
2657,0.0,5,5
2658,0.0,8,8
2659,1.0,8,8
2660,8.0,0,0
2661,1.0,1,1
2662,0.0,0,0
2663,0.0,8,0
2664,9.0,9,9
2665,4.0,0,3
2666,1.0,2,8
2667,8.0,1,9
2668,8.0,6,8
2669,9.0,7,7
2670,1.0,8,8
2671,0.0,8,9
2672,4.0,4,4
2673,4.0,6,4
2674,9.0,6,6
2675,0.0,8,8
2676,8.0,0,9
2677,8.0,5,7
2678,4.0,2,9
2679,1.0,8,8
2680,6.0,0,0
2681,4.0,6,6
2682,0.0,3,2
2683,6.0,6,0
2684,4.0,5,6
2685,4.0,5,5
2686,6.0,5,5
2687,8.0,6,8
2688,9.0,5,5
2689,1.0,1,8
2690,7.0,6,6
2691,6.0,5,4
2692,1.0,7,7
2693,8.0,0,0
2694,4.0,6,6
2695,4.0,4,7
2696,1.0,1,9
2697,6.0,1,6
2698,6.0,4,2
2699,4.0,6,5
2700,4.0,7,7
2701,1.0,6,7
2702,2.0,6,2
2703,4.0,4,4
2704,4.0,5,5
2705,3.0,7,4
2706,1.0,9,9
2707,0.0,1,0
2708,4.0,4,2
2709,9.0,7,5
2710,5.0,6,4
2711,2.0,5,5
2712,6.0,4,4
2713,4.0,6,6
2714,8.0,0,0
2715,1.0,7,7
2716,4.0,2,4
2717,6.0,3,5
2718,9.0,1,0
2719,5.0,7,0
2720,0.0,0,0
2721,3.0,0,8
2722,5.0,3,5
2723,5.0,9,3
2724,4.0,7,7
2725,4.0,4,4
2726,5.0,5,5
2727,6.0,1,1
2728,1.0,9,9
2729,6.0,6,6
2730,6.0,5,5
2731,4.0,6,1
2732,0.0,8,8
2733,4.0,4,5
2734,8.0,6,4
2735,0.0,9,8
2736,1.0,3,5
2737,6.0,6,2
2738,0.0,0,0
2739,4.0,3,3
2740,1.0,8,8
2741,4.0,0,2
2742,0.0,4,2
2743,1.0,9,8
2744,9.0,0,0
2745,4.0,3,5
2746,6.0,4,0
2747,1.0,9,5
2748,4.0,4,5
2749,4.0,4,8
2750,6.0,7,5
2751,1.0,6,6
2752,6.0,5,1
2753,6.0,0,2
2754,1.0,1,8
2755,3.0,4,5
2756,6.0,1,9
2757,4.0,1,9
2758,2.0,5,9
2759,4.0,5,2
2760,0.0,0,2
2761,8.0,8,9
2762,5.0,5,9
2763,4.0,8,5
2764,4.0,2,2
2765,4.0,1,1
2766,1.0,4,3
2767,9.0,8,9
2768,8.0,7,9
2769,4.0,8,1
2770,2.0,5,3
2771,9.0,6,1
2772,4.0,2,2
2773,5.0,0,0
2774,1.0,3,6
2775,1.0,2,1
2776,4.0,6,7
2777,8.0,6,6
2778,3.0,8,8
2779,4.0,2,2
2780,0.0,8,8
2781,6.0,4,3
2782,4.0,6,8
2783,4.0,4,7
2784,1.0,7,2
2785,5.0,4,3
2786,6.0,4,6
2787,4.0,6,6
2788,3.0,3,5
2789,8.0,0,8
2790,4.0,5,7
2791,4.0,6,2
2792,4.0,6,4
2793,1.0,9,9
2794,5.0,4,5
2795,1.0,1,1
2796,5.0,6,5
2797,8.0,8,8
2798,8.0,8,8
2799,1.0,2,2
2800,1.0,9,1
2801,4.0,7,7
2802,8.0,9,1
2803,0.0,0,8
2804,0.0,0,0
2805,8.0,8,8
2806,0.0,5,5
2807,4.0,7,7
2808,0.0,0,0
2809,4.0,6,8
2810,9.0,4,6
2811,1.0,8,4
2812,6.0,4,2
2813,0.0,7,7
2814,1.0,7,7
2815,8.0,8,8
2816,4.0,2,5
2817,1.0,8,8
2818,1.0,9,9
2819,8.0,8,8
2820,8.0,8,8
2821,1.0,4,4
2822,3.0,3,6
2823,4.0,7,7
2824,0.0,2,0
2825,3.0,9,1
2826,4.0,1,2
2827,5.0,1,1
2828,1.0,9,1
2829,0.0,9,9
2830,6.0,4,4
2831,4.0,6,6
2832,4.0,7,4
2833,9.0,2,2
2834,2.0,7,7
2835,4.0,4,4
2836,4.0,6,6
2837,6.0,4,1
2838,1.0,9,9
2839,8.0,4,8
2840,1.0,0,9
2841,1.0,3,1
2842,4.0,4,4
2843,1.0,5,5
2844,8.0,2,1
2845,8.0,8,9
2846,4.0,5,2
2847,9.0,0,8
2848,2.0,7,0
2849,1.0,6,9
2850,8.0,5,5
2851,8.0,1,1
2852,1.0,3,7
2853,9.0,9,9
2854,4.0,4,2
2855,0.0,8,0
2856,4.0,7,4
2857,1.0,1,8
2858,0.0,3,0
2859,8.0,2,0
2860,4.0,2,2
2861,9.0,0,0
2862,1.0,8,1
2863,8.0,0,0
2864,9.0,1,5
2865,6.0,5,3
2866,9.0,6,6
2867,0.0,4,0
2868,0.0,6,0
2869,0.0,3,4
2870,8.0,4,2
2871,6.0,6,6
2872,4.0,6,6
2873,4.0,0,3
2874,4.0,6,6
2875,4.0,4,2
2876,1.0,6,3
2877,3.0,5,5
2878,0.0,4,2
2879,8.0,8,8
2880,1.0,8,9
2881,0.0,8,8
2882,8.0,0,0
2883,4.0,9,1
2884,4.0,2,7
2885,0.0,0,0
2886,0.0,0,9
2887,3.0,7,1
2888,4.0,6,6
2889,6.0,4,7
2890,8.0,9,9
2891,3.0,6,7
2892,5.0,5,3
2893,5.0,6,6
2894,6.0,3,0
2895,8.0,0,0
2896,5.0,4,4
2897,6.0,1,7
2898,1.0,3,6
2899,6.0,4,4
2900,4.0,4,4
2901,1.0,3,5
2902,0.0,4,2
2903,1.0,5,3
2904,6.0,3,2
2905,6.0,4,0
2906,3.0,5,5
2907,1.0,7,2
2908,9.0,8,9
2909,6.0,6,6
2910,1.0,0,1
2911,6.0,4,4
2912,8.0,5,7
2913,8.0,0,0
2914,0.0,8,8
2915,7.0,6,6
2916,1.0,6,5
2917,0.0,0,9
2918,0.0,8,8
2919,4.0,1,9
2920,8.0,9,9
2921,4.0,4,4
2922,8.0,4,5
2923,8.0,8,8
2924,6.0,8,6
2925,4.0,4,6
2926,9.0,0,4
2927,1.0,4,2
2928,8.0,4,1
2929,8.0,8,8
2930,0.0,8,0
2931,9.0,3,2
2932,0.0,2,7
2933,8.0,5,5
2934,0.0,6,8
2935,8.0,4,9
2936,4.0,3,2
2937,6.0,6,6
2938,4.0,7,2
2939,6.0,6,6
2940,5.0,1,5
2941,6.0,2,6
2942,8.0,8,8
2943,4.0,4,4
2944,4.0,5,3
2945,3.0,5,5
2946,6.0,5,0
2947,2.0,5,3
2948,1.0,2,2
2949,2.0,7,0
2950,9.0,6,9
2951,4.0,1,4
2952,1.0,5,8
2953,0.0,9,9
2954,8.0,8,8
2955,6.0,6,6
2956,3.0,9,9
2957,1.0,4,5
2958,1.0,8,9
2959,1.0,7,8
2960,1.0,1,7
2961,1.0,5,9
2962,8.0,0,0
2963,6.0,5,5
2964,0.0,0,0
2965,6.0,9,6
2966,6.0,2,2
2967,8.0,9,0
2968,6.0,6,6
2969,1.0,7,7
2970,4.0,4,4
2971,6.0,6,2
2972,6.0,6,6
2973,1.0,7,7
2974,0.0,8,8
2975,4.0,2,2
2976,3.0,8,4
2977,0.0,7,7
2978,6.0,6,6
2979,8.0,8,8
2980,1.0,7,7
2981,6.0,7,7
2982,4.0,6,0
2983,4.0,2,2
2984,1.0,6,5
2985,3.0,0,9
2986,1.0,5,3
2987,0.0,0,8
2988,6.0,4,2
2989,4.0,6,6
2990,6.0,4,4
2991,9.0,6,9
2992,0.0,8,6
2993,4.0,2,0
2994,8.0,8,1
2995,0.0,7,0
2996,1.0,0,0
2997,8.0,6,6
2998,4.0,6,6
2999,0.0,4,4
3000,4.0,5,3
3001,8.0,2,4
3002,3.0,4,5
3003,1.0,4,3
3004,5.0,6,6
3005,0.0,1,5
3006,1.0,9,9
3007,1.0,9,9
3008,9.0,7,2
3009,0.0,8,8
3010,5.0,5,6
3011,8.0,8,0
3012,6.0,2,2
3013,6.0,9,7
3014,1.0,8,9
3015,1.0,5,2
3016,1.0,3,5
3017,1.0,5,5
3018,3.0,3,6
3019,4.0,4,2
3020,9.0,1,1
3021,6.0,4,5
3022,6.0,4,5
3023,4.0,1,9
3024,0.0,8,8
3025,1.0,1,1
3026,9.0,7,5
3027,4.0,4,4
3028,0.0,1,5
3029,4.0,6,4
3030,4.0,7,4
3031,4.0,4,5
3032,8.0,9,9
3033,7.0,7,6
3034,0.0,9,1
3035,1.0,0,7
3036,6.0,4,4
3037,4.0,5,6
3038,8.0,8,8
3039,0.0,8,8
3040,4.0,2,5
3041,1.0,4,6
3042,8.0,0,0
3043,6.0,2,2
3044,1.0,4,4
3045,1.0,7,9
3046,5.0,7,3
3047,6.0,1,5
3048,1.0,6,6
3049,0.0,0,0
3050,4.0,7,7
3051,8.0,0,0
3052,4.0,4,3
3053,0.0,0,0
3054,6.0,7,7
3055,5.0,3,5
3056,1.0,1,8
3057,8.0,5,5
3058,0.0,8,8
3059,1.0,8,1
3060,3.0,3,5
3061,5.0,6,9
3062,1.0,1,1
3063,6.0,8,0
3064,8.0,6,0
3065,4.0,8,8
3066,0.0,8,0
3067,8.0,0,8
3068,9.0,4,7
3069,1.0,5,5
3070,8.0,4,6
3071,1.0,1,7
3072,7.0,8,1
3073,0.0,0,0
3074,4.0,2,2
3075,1.0,5,9
3076,0.0,3,0
3077,4.0,7,4
3078,7.0,8,9
3079,0.0,1,9
3080,4.0,6,5
3081,1.0,3,3
3082,5.0,5,5
3083,4.0,7,7
3084,8.0,9,3
3085,8.0,1,1
3086,8.0,1,9
3087,4.0,3,3
3088,5.0,8,0
3089,4.0,2,4
3090,8.0,9,9
3091,5.0,6,6
3092,0.0,5,0
3093,9.0,6,8
3094,8.0,1,8
3095,4.0,6,6
3096,5.0,6,6
3097,9.0,9,9
3098,5.0,6,6
3099,8.0,9,9
3100,5.0,8,3
3101,5.0,2,2
3102,8.0,7,1
3103,1.0,5,1
3104,1.0,4,7
3105,5.0,6,3
3106,4.0,6,5
3107,6.0,5,5
3108,1.0,5,3
3109,2.0,6,5
3110,1.0,0,3
3111,9.0,1,6
3112,2.0,4,4
3113,8.0,0,0
3114,8.0,8,0
3115,9.0,8,8
3116,4.0,2,4
3117,5.0,8,9
3118,7.0,1,2
3119,4.0,5,8
3120,6.0,2,1
3121,8.0,8,8
3122,6.0,6,6
3123,4.0,2,8
3124,3.0,0,5
3125,1.0,5,3
3126,0.0,9,9
3127,0.0,3,9
3128,0.0,0,0
3129,1.0,9,9
3130,0.0,8,8
3131,1.0,7,1
3132,1.0,5,5
3133,5.0,4,4
3134,4.0,5,3
3135,4.0,7,7
3136,1.0,3,0
3137,6.0,1,1
3138,6.0,0,7
3139,6.0,2,6
3140,0.0,0,0
3141,4.0,2,4
3142,4.0,3,1
3143,6.0,6,9
3144,5.0,8,8
3145,1.0,4,4
3146,4.0,7,7
3147,1.0,9,7
3148,1.0,3,5
3149,8.0,9,9
3150,9.0,7,7
3151,4.0,5,5
3152,3.0,3,5
3153,1.0,5,5
3154,4.0,6,6
3155,6.0,8,8
3156,5.0,5,5
3157,0.0,7,8
3158,9.0,7,5
3159,6.0,4,8
3160,0.0,8,8
3161,2.0,2,2
3162,3.0,4,5
3163,9.0,3,5
3164,4.0,6,2
3165,2.0,4,0
3166,4.0,4,4
3167,4.0,6,5
3168,6.0,6,6
3169,8.0,8,8
3170,1.0,4,8
3171,1.0,3,5
3172,6.0,4,3
3173,4.0,5,5
3174,1.0,5,5
3175,4.0,1,9
3176,0.0,7,4
3177,1.0,3,3
3178,4.0,6,6
3179,9.0,0,9
3180,1.0,9,0
3181,4.0,4,2
3182,6.0,4,4
3183,5.0,1,1
3184,0.0,0,0
3185,6.0,5,2
3186,5.0,0,7
3187,1.0,8,5
3188,6.0,6,3
3189,6.0,3,4
3190,5.0,5,7
3191,8.0,9,7
3192,4.0,5,2
3193,4.0,2,2
3194,4.0,3,3
3195,5.0,3,5
3196,2.0,6,2
3197,0.0,0,8
3198,5.0,3,5
3199,0.0,9,9
3200,4.0,6,6
3201,1.0,8,3
3202,3.0,3,9
3203,4.0,6,6
3204,1.0,1,0
3205,0.0,0,2
3206,3.0,0,5
3207,4.0,6,6
3208,9.0,7,7
3209,3.0,4,7
3210,4.0,4,2
3211,0.0,0,0
3212,5.0,1,1
3213,4.0,7,7
3214,0.0,0,0
3215,5.0,2,8
3216,4.0,2,9
3217,4.0,4,4
3218,4.0,6,3
3219,1.0,6,4
3220,1.0,7,3
3221,6.0,7,5
3222,3.0,0,3
3223,6.0,6,2
3224,8.0,3,0
3225,4.0,7,4
3226,4.0,8,4
3227,6.0,6,6
3228,0.0,4,9
3229,6.0,3,5
3230,3.0,1,1
3231,1.0,9,1
3232,8.0,8,9
3233,8.0,1,1
3234,9.0,9,9
3235,4.0,7,2
3236,8.0,0,0
3237,9.0,3,9
3238,8.0,1,1
3239,6.0,9,9
3240,0.0,8,8
3241,6.0,4,6
3242,8.0,3,4
3243,6.0,4,6
3244,0.0,8,8
3245,4.0,4,2
3246,8.0,0,0
3247,0.0,9,9
3248,6.0,6,3
3249,1.0,5,5
3250,0.0,5,0
3251,0.0,7,7
3252,7.0,6,4
3253,6.0,8,2
3254,0.0,8,2
3255,5.0,2,7
3256,1.0,9,9
3257,3.0,1,1
3258,0.0,8,8
3259,8.0,0,0
3260,4.0,4,4
3261,7.0,4,2
3262,2.0,6,6
3263,8.0,3,0
3264,3.0,5,7
3265,3.0,6,9
3266,6.0,1,6
3267,5.0,5,9
3268,0.0,8,1
3269,1.0,8,8
3270,6.0,3,5
3271,4.0,5,5
3272,4.0,7,7
3273,4.0,1,1
3274,3.0,2,4
3275,4.0,4,7
3276,5.0,9,9
3277,0.0,3,0
3278,0.0,3,5
3279,3.0,7,7
3280,5.0,6,5
3281,4.0,2,2
3282,5.0,3,5
3283,4.0,4,4
3284,5.0,7,7
3285,1.0,7,1
3286,3.0,9,3
3287,1.0,5,3
3288,6.0,4,4
3289,1.0,8,3
3290,5.0,5,6
3291,9.0,1,2
3292,8.0,8,8
3293,4.0,4,8
3294,0.0,9,8
3295,8.0,8,0
3296,6.0,4,4
3297,4.0,2,2
3298,8.0,9,9
3299,4.0,2,2
3300,1.0,5,4
3301,0.0,2,2
3302,1.0,3,3
3303,8.0,4,8
3304,9.0,5,0
3305,8.0,8,8
3306,4.0,7,4
3307,2.0,3,6
3308,8.0,5,4
3309,1.0,0,2
3310,1.0,0,8
3311,1.0,6,6
3312,3.0,1,9
3313,8.0,6,0
3314,4.0,4,4
3315,0.0,9,1
3316,6.0,0,9
3317,4.0,7,7
3318,8.0,8,8
3319,0.0,8,8
3320,8.0,5,3
3321,4.0,2,2
3322,6.0,3,4
3323,1.0,6,6
3324,0.0,8,8
3325,4.0,3,2
3326,2.0,7,4
3327,3.0,1,1
3328,0.0,3,2
3329,8.0,0,9
3330,8.0,8,8
3331,1.0,6,2
3332,8.0,0,0
3333,8.0,9,8
3334,8.0,0,8
3335,1.0,3,8
3336,2.0,2,8
3337,8.0,1,0
3338,2.0,9,2
3339,4.0,5,2
3340,8.0,3,3
3341,6.0,4,6
3342,1.0,9,9
3343,4.0,7,7
3344,0.0,0,8
3345,0.0,8,8
3346,1.0,9,1
3347,0.0,8,0
3348,8.0,4,5
3349,6.0,2,7
3350,0.0,7,8
3351,6.0,4,6
3352,0.0,0,0
3353,0.0,8,8
3354,4.0,4,4
3355,1.0,3,5
3356,4.0,5,5
3357,0.0,8,8
3358,3.0,3,7
3359,4.0,4,0
3360,4.0,6,0
3361,9.0,9,0
3362,8.0,0,0
3363,7.0,1,9
3364,8.0,7,7
3365,1.0,6,3
3366,3.0,0,1
3367,5.0,7,5
3368,3.0,4,8
3369,6.0,6,6
3370,4.0,5,5
3371,6.0,6,3
3372,2.0,8,2
3373,4.0,5,3
3374,4.0,7,7
3375,8.0,4,0
3376,2.0,3,6
3377,8.0,4,0
3378,8.0,1,9
3379,8.0,9,1
3380,0.0,8,8
3381,1.0,4,9
3382,0.0,0,0
3383,6.0,4,4
3384,1.0,9,8
3385,1.0,3,2
3386,1.0,1,1
3387,0.0,9,1
3388,0.0,3,5
3389,0.0,9,0
3390,1.0,9,2
3391,9.0,5,5
3392,0.0,9,9
3393,4.0,4,4
3394,5.0,5,5
3395,4.0,1,2
3396,0.0,4,0
3397,4.0,6,4
3398,3.0,5,2
3399,1.0,8,1
3400,6.0,4,7
3401,6.0,7,6
3402,4.0,2,2
3403,6.0,6,2
3404,1.0,1,1
3405,6.0,1,8
3406,4.0,8,8
3407,9.0,1,9
3408,4.0,4,4
3409,1.0,8,9
3410,4.0,5,3
3411,3.0,6,6
3412,4.0,6,6
3413,3.0,3,5
3414,1.0,5,1
3415,6.0,6,6
3416,4.0,7,2
3417,2.0,2,4
3418,4.0,4,4
3419,8.0,8,8
3420,3.0,7,5
3421,5.0,3,5
3422,1.0,5,9
3423,4.0,2,2
3424,1.0,6,9
3425,0.0,1,8
3426,0.0,3,5
3427,4.0,6,7
3428,8.0,4,2
3429,1.0,6,2
3430,0.0,8,8
3431,1.0,7,5
3432,4.0,6,7
3433,4.0,4,4
3434,4.0,7,7
3435,6.0,6,6
3436,0.0,0,2
3437,6.0,6,6
3438,2.0,7,0
3439,6.0,8,6
3440,1.0,0,8
3441,8.0,2,0
3442,6.0,6,6
3443,8.0,0,0
3444,7.0,2,1
3445,4.0,6,4
3446,1.0,4,2
3447,0.0,3,3
3448,3.0,9,5
3449,8.0,8,8
3450,1.0,7,7
3451,1.0,5,5
3452,8.0,8,1
3453,6.0,5,5
3454,8.0,1,2
3455,0.0,8,8
3456,6.0,3,5
3457,1.0,5,9
3458,0.0,3,8
3459,4.0,5,5
3460,4.0,4,4
3461,1.0,0,3
3462,1.0,6,2
3463,1.0,9,9
3464,1.0,4,4
3465,3.0,5,4
3466,0.0,8,0
3467,1.0,0,1
3468,8.0,0,8
3469,8.0,0,8
3470,4.0,6,6
3471,4.0,8,5
3472,9.0,1,3
3473,7.0,7,7
3474,4.0,5,5
3475,9.0,6,6
3476,4.0,4,2
3477,1.0,9,9
3478,0.0,0,0
3479,8.0,0,9
3480,6.0,4,2
3481,6.0,5,7
3482,0.0,0,8
3483,1.0,8,1
3484,0.0,2,2
3485,8.0,9,9
3486,9.0,5,9
3487,0.0,7,7
3488,4.0,1,2
3489,6.0,7,9
3490,1.0,0,1
3491,1.0,5,5
3492,1.0,5,5
3493,5.0,3,8
3494,4.0,0,4
3495,7.0,1,5
3496,2.0,5,5
3497,8.0,7,8
3498,6.0,5,5
3499,3.0,5,5
3500,4.0,6,6
3501,8.0,1,9
3502,1.0,0,5
3503,0.0,8,8
3504,6.0,4,6
3505,4.0,8,1
3506,4.0,4,5
3507,8.0,7,4
3508,6.0,3,2
3509,8.0,4,4
3510,6.0,9,9
3511,0.0,2,0
3512,1.0,1,1
3513,1.0,9,9
3514,9.0,2,4
3515,8.0,0,0
3516,8.0,8,8
3517,6.0,7,2
3518,0.0,8,8
3519,4.0,4,4
3520,4.0,5,2
3521,4.0,3,6
3522,4.0,2,4
3523,1.0,1,1
3524,6.0,6,3
3525,9.0,3,3
3526,9.0,3,9
3527,0.0,6,4
3528,4.0,6,6
3529,8.0,8,8
3530,6.0,0,6
3531,6.0,9,9
3532,3.0,7,3
3533,6.0,6,4
3534,9.0,0,7
3535,5.0,2,2
3536,9.0,1,0
3537,9.0,9,9
3538,6.0,4,6
3539,4.0,4,4
3540,6.0,4,4
3541,8.0,9,8
3542,1.0,7,9
3543,3.0,7,7
3544,6.0,5,7
3545,8.0,6,9
3546,5.0,4,3
3547,6.0,5,5
3548,4.0,7,0
3549,8.0,0,0
3550,4.0,4,4
3551,8.0,0,5
3552,1.0,9,3
3553,4.0,7,7
3554,5.0,6,6
3555,3.0,1,1
3556,6.0,7,4
3557,6.0,8,5
3558,6.0,2,2
3559,4.0,4,2
3560,6.0,2,4
3561,8.0,9,9
3562,5.0,3,5
3563,6.0,6,6
3564,0.0,0,0
3565,6.0,4,3
3566,7.0,4,4
3567,6.0,7,6
3568,9.0,5,7
3569,6.0,6,2
3570,0.0,0,0
3571,1.0,3,3
3572,0.0,9,5
3573,4.0,7,7
3574,8.0,0,0
3575,3.0,3,3
3576,7.0,1,5
3577,5.0,4,4
3578,3.0,4,7
3579,0.0,4,8
3580,6.0,5,5
3581,9.0,7,7
3582,1.0,7,0
3583,6.0,4,2
3584,0.0,8,8
3585,8.0,0,0
3586,0.0,0,0
3587,8.0,4,4
3588,1.0,6,6
3589,6.0,6,6
3590,6.0,5,6
3591,6.0,8,2
3592,1.0,2,7
3593,3.0,4,6
3594,1.0,3,3
3595,5.0,3,5
3596,1.0,9,9
3597,5.0,4,8
3598,1.0,5,7
3599,1.0,2,4
3600,1.0,9,9
3601,1.0,9,9
3602,1.0,9,9
3603,6.0,6,6
3604,9.0,5,5
3605,8.0,1,1
3606,6.0,1,7
3607,0.0,4,0
3608,4.0,4,4
3609,0.0,8,0
3610,5.0,6,2
3611,3.0,7,7
3612,4.0,4,4
3613,9.0,9,9
3614,4.0,2,8
3615,1.0,8,3
3616,1.0,3,5
3617,4.0,2,2
3618,5.0,2,0
3619,5.0,3,5
3620,1.0,1,1
3621,1.0,6,6
3622,6.0,7,7
3623,0.0,8,7
3624,0.0,8,8
3625,0.0,8,8
3626,1.0,8,2
3627,2.0,7,7
3628,0.0,9,9
3629,1.0,8,2
3630,4.0,7,4
3631,4.0,3,6
3632,4.0,7,5
3633,0.0,9,9
3634,0.0,8,8
3635,6.0,0,3
3636,0.0,6,6
3637,1.0,8,9
3638,0.0,8,8
3639,6.0,5,2
3640,0.0,0,9
3641,0.0,0,5
3642,8.0,8,8
3643,5.0,9,9
3644,0.0,3,8
3645,4.0,4,2
3646,2.0,6,5
3647,5.0,3,0
3648,1.0,9,9
3649,4.0,4,4
3650,0.0,3,3
3651,1.0,7,7
3652,1.0,2,9
3653,4.0,5,5
3654,3.0,2,4
3655,0.0,3,6
3656,7.0,6,6
3657,8.0,8,9
3658,9.0,9,9
3659,5.0,1,1
3660,6.0,6,5
3661,1.0,1,1
3662,6.0,5,2
3663,4.0,2,2
3664,1.0,6,4
3665,0.0,7,0
3666,1.0,1,9
3667,1.0,3,5
3668,4.0,4,4
3669,0.0,2,2
3670,4.0,0,8
3671,9.0,0,9
3672,1.0,9,9
3673,1.0,7,2
3674,0.0,0,0
3675,8.0,3,2
3676,6.0,6,6
3677,8.0,9,9
3678,4.0,1,1
3679,6.0,5,3
3680,1.0,1,8
3681,1.0,8,8
3682,4.0,4,6
3683,4.0,4,6
3684,4.0,2,4
3685,6.0,9,9
3686,4.0,6,4
3687,6.0,7,4
3688,2.0,8,6
3689,5.0,4,8
3690,4.0,3,4
3691,8.0,9,9
3692,8.0,4,2
3693,4.0,4,2
3694,1.0,1,1
3695,1.0,4,4
3696,8.0,0,0
3697,8.0,9,9
3698,5.0,2,6
3699,4.0,4,7
3700,5.0,9,9
3701,0.0,0,0
3702,8.0,0,9
3703,2.0,6,3
3704,9.0,1,9
3705,6.0,5,9
3706,1.0,6,9
3707,6.0,6,6
3708,0.0,2,2
3709,6.0,5,5
3710,4.0,6,6
3711,1.0,5,7
3712,6.0,6,6
3713,0.0,0,0
3714,9.0,1,5
3715,3.0,7,7
3716,4.0,6,6
3717,4.0,4,7
3718,4.0,4,4
3719,8.0,9,9
3720,8.0,9,8
3721,0.0,1,0
3722,6.0,9,9
3723,1.0,7,4
3724,1.0,6,6
3725,3.0,0,0
3726,6.0,7,7
3727,1.0,0,1
3728,9.0,6,3
3729,5.0,8,6
3730,4.0,6,6
3731,9.0,7,0
3732,1.0,9,4
3733,4.0,7,7
3734,6.0,0,1
3735,1.0,1,1
3736,3.0,6,4
3737,9.0,1,9
3738,0.0,8,8
3739,4.0,2,6
3740,0.0,8,8
3741,8.0,0,0
3742,1.0,2,6
3743,8.0,1,1
3744,6.0,1,1
3745,8.0,0,8
3746,1.0,5,5
3747,5.0,6,7
3748,4.0,6,6
3749,1.0,3,3
3750,4.0,4,4
3751,3.0,7,7
3752,4.0,5,5
3753,8.0,3,8
3754,6.0,6,6
3755,1.0,9,9
3756,1.0,3,3
3757,4.0,4,4
3758,4.0,6,6
3759,4.0,4,4
3760,4.0,4,6
3761,4.0,4,4
3762,6.0,2,3
3763,1.0,7,3
3764,8.0,8,8
3765,0.0,8,8
3766,1.0,9,9
3767,2.0,5,5
3768,4.0,7,7
3769,8.0,0,7
3770,8.0,8,8
3771,8.0,5,2
3772,1.0,6,3
3773,3.0,1,1
3774,8.0,1,9
3775,6.0,6,2
3776,1.0,6,4
3777,8.0,7,8
3778,8.0,5,5
3779,9.0,1,1
3780,6.0,6,6
3781,0.0,6,1
3782,5.0,7,7
3783,4.0,6,6
3784,4.0,4,2
3785,1.0,3,9
3786,6.0,1,2
3787,6.0,7,7
3788,1.0,9,9
3789,8.0,0,0
3790,6.0,7,5
3791,0.0,2,2
3792,1.0,9,3
3793,8.0,9,9
3794,1.0,6,5
3795,1.0,3,3
3796,6.0,3,2
3797,4.0,6,2
3798,6.0,7,4
3799,4.0,7,5
3800,8.0,8,8
3801,4.0,3,3
3802,1.0,2,4
3803,6.0,6,5
3804,6.0,6,6
3805,4.0,9,6
3806,4.0,7,7
3807,4.0,3,3
3808,1.0,5,1
3809,1.0,6,6
3810,8.0,6,5
3811,3.0,9,9
3812,0.0,8,8
3813,2.0,6,3
3814,1.0,5,2
3815,8.0,2,0
3816,4.0,6,6
3817,6.0,7,7
3818,8.0,6,3
3819,4.0,7,9
3820,6.0,9,9
3821,4.0,4,4
3822,0.0,0,9
3823,5.0,5,3
3824,7.0,0,7
3825,6.0,9,6
3826,8.0,3,6
3827,1.0,9,1
3828,3.0,4,5
3829,0.0,0,8
3830,4.0,1,1
3831,0.0,0,0
3832,9.0,8,8
3833,6.0,6,6
3834,4.0,6,3
3835,4.0,4,7
3836,1.0,1,1
3837,1.0,4,5
3838,8.0,9,9
3839,6.0,4,4
3840,8.0,1,1
3841,4.0,5,6
3842,9.0,0,0
3843,1.0,0,3
3844,3.0,7,7
3845,4.0,2,7
3846,1.0,9,9
3847,4.0,2,2
3848,0.0,0,2
3849,5.0,6,6
3850,1.0,9,9
3851,8.0,1,1
3852,5.0,0,0
3853,4.0,2,5
3854,9.0,3,7
3855,6.0,0,4
3856,1.0,5,2
3857,0.0,2,8
3858,1.0,9,9
3859,0.0,9,0
3860,0.0,8,8
3861,5.0,6,6
3862,4.0,6,4
3863,3.0,3,3
3864,4.0,9,3
3865,4.0,6,6
3866,4.0,0,4
3867,6.0,3,5
3868,4.0,4,2
3869,0.0,0,2
3870,8.0,1,5
3871,1.0,9,1
3872,8.0,5,4
3873,6.0,6,6
3874,3.0,8,8
3875,5.0,6,3
3876,4.0,6,9
3877,8.0,7,7
3878,4.0,8,9
3879,4.0,2,4
3880,6.0,1,4
3881,8.0,0,8
3882,1.0,9,9
3883,4.0,4,8
3884,1.0,0,0
3885,8.0,9,8
3886,9.0,9,9
3887,3.0,9,9
3888,9.0,2,5
3889,5.0,2,2
3890,7.0,2,7
3891,6.0,0,0
3892,0.0,6,6
3893,8.0,0,0
3894,4.0,3,5
3895,8.0,1,8
3896,4.0,4,5
3897,6.0,4,4
3898,8.0,0,8
3899,4.0,8,9
3900,1.0,3,0
3901,9.0,3,2
3902,5.0,1,4
3903,0.0,0,9
3904,8.0,8,8
3905,4.0,6,3
3906,0.0,8,0
3907,0.0,1,1
3908,4.0,8,4
3909,4.0,1,0
3910,7.0,5,0
3911,1.0,1,1
3912,6.0,6,6
3913,6.0,2,2
3914,8.0,9,7
3915,0.0,6,9
3916,0.0,9,5
3917,5.0,5,5
3918,0.0,0,8
3919,9.0,9,4
3920,1.0,4,7
3921,0.0,8,9
3922,0.0,1,1
3923,3.0,6,9
3924,1.0,1,1
3925,4.0,4,2
3926,4.0,6,6
3927,5.0,3,5
3928,8.0,0,9
3929,9.0,9,9
3930,0.0,0,9
3931,8.0,8,8
3932,6.0,6,9
3933,1.0,6,7
3934,6.0,9,1
3935,3.0,3,1
3936,9.0,7,4
3937,0.0,9,1
3938,5.0,0,9
3939,6.0,4,7
3940,8.0,9,0
3941,8.0,4,9
3942,4.0,6,6
3943,4.0,6,6
3944,4.0,4,2
3945,4.0,6,2
3946,1.0,8,7
3947,9.0,1,6
3948,4.0,4,4
3949,4.0,4,5
3950,8.0,0,8
3951,1.0,2,0
3952,6.0,7,4
3953,8.0,4,7
3954,8.0,1,1
3955,6.0,0,7
3956,6.0,6,3
3957,4.0,4,4
3958,4.0,4,7
3959,1.0,5,5
3960,4.0,5,5
3961,5.0,6,2
3962,0.0,7,0
3963,4.0,2,2
3964,8.0,1,0
3965,6.0,2,5
3966,1.0,5,5
3967,4.0,3,8
3968,5.0,5,3
3969,8.0,0,8
3970,4.0,4,4
3971,8.0,8,0
3972,0.0,8,8
3973,4.0,4,4
3974,0.0,0,9
3975,2.0,9,7
3976,4.0,3,6
3977,1.0,9,9
3978,1.0,8,8
3979,0.0,0,0
3980,6.0,7,8
3981,6.0,8,4
3982,1.0,6,1
3983,0.0,9,9
3984,0.0,9,8
3985,0.0,4,4
3986,6.0,6,6
3987,4.0,4,2
3988,4.0,5,7
3989,8.0,4,7
3990,8.0,1,1
3991,6.0,3,6
3992,8.0,9,1
3993,5.0,5,5
3994,4.0,3,6
3995,5.0,2,5
3996,8.0,3,7
3997,6.0,7,5
3998,1.0,8,8
3999,6.0,4,4
4000,0.0,3,5
4001,0.0,0,8
4002,5.0,5,5
4003,1.0,0,8
4004,6.0,6,5
4005,8.0,9,9
4006,3.0,0,1
4007,4.0,6,8
4008,3.0,9,9
4009,2.0,4,4
4010,6.0,2,5
4011,8.0,6,1
4012,8.0,5,2
4013,1.0,8,1
4014,4.0,3,4
4015,2.0,6,6
4016,2.0,2,7
4017,1.0,3,8
4018,0.0,0,0
4019,1.0,8,5
4020,4.0,3,3
4021,8.0,1,1
4022,6.0,6,6
4023,3.0,3,2
4024,4.0,5,7
4025,3.0,5,5
4026,6.0,0,6
4027,9.0,8,0
4028,1.0,1,9
4029,0.0,8,8
4030,0.0,4,0
4031,1.0,9,6
4032,4.0,4,4
4033,6.0,5,3
4034,8.0,4,2
4035,1.0,7,6
4036,8.0,8,8
4037,4.0,7,7
4038,8.0,5,2
4039,1.0,8,1
4040,5.0,1,1
4041,3.0,4,9
4042,1.0,5,5
4043,4.0,4,4
4044,3.0,3,5
4045,8.0,8,8
4046,8.0,0,8
4047,9.0,4,1
4048,0.0,4,0
4049,3.0,5,9
4050,1.0,5,1
4051,0.0,8,8
4052,6.0,2,2
4053,9.0,0,4
4054,4.0,7,7
4055,6.0,6,4
4056,0.0,2,0
4057,1.0,1,4
4058,1.0,5,0
4059,0.0,7,7
4060,0.0,8,0
4061,0.0,0,0
4062,8.0,7,2
4063,4.0,6,4
4064,1.0,6,9
4065,1.0,3,7
4066,8.0,8,8
4067,8.0,4,8
4068,8.0,9,9
4069,1.0,7,9
4070,4.0,2,2
4071,1.0,1,9
4072,1.0,8,3
4073,1.0,3,3
4074,0.0,0,5
4075,3.0,7,7
4076,9.0,7,7
4077,6.0,6,6
4078,5.0,7,7
4079,0.0,5,0
4080,8.0,0,0
4081,4.0,4,0
4082,0.0,7,6
4083,4.0,3,3
4084,1.0,1,8
4085,8.0,5,2
4086,6.0,6,6
4087,1.0,4,3
4088,7.0,4,7
4089,6.0,4,3
4090,4.0,4,2
4091,6.0,4,6
4092,2.0,0,8
4093,0.0,8,8
4094,5.0,3,6
4095,4.0,6,6
4096,8.0,0,0
4097,5.0,4,0
4098,4.0,7,7
4099,1.0,5,9
4100,6.0,1,1
4101,1.0,0,1
4102,3.0,7,5
4103,6.0,4,4
4104,4.0,4,4
4105,5.0,6,6
4106,4.0,4,4
4107,9.0,3,7
4108,1.0,4,3
4109,6.0,2,2
4110,0.0,8,8
4111,8.0,8,9
4112,4.0,7,7
4113,8.0,3,2
4114,4.0,7,7
4115,1.0,1,9
4116,6.0,2,4
4117,8.0,2,6
4118,1.0,4,6
4119,6.0,6,7
4120,4.0,5,5
4121,1.0,0,9
4122,6.0,6,2
4123,1.0,3,6
4124,3.0,5,3
4125,6.0,9,6
4126,1.0,6,6
4127,1.0,5,5
4128,9.0,7,7
4129,0.0,3,0
4130,6.0,6,6
4131,8.0,3,9
4132,1.0,0,1
4133,1.0,4,0
4134,9.0,9,7
4135,3.0,7,2
4136,0.0,9,9
4137,8.0,1,4
4138,8.0,8,0
4139,6.0,6,6
4140,0.0,8,8
4141,0.0,0,0
4142,6.0,8,9
4143,3.0,6,6
4144,6.0,6,6
4145,4.0,1,1
4146,3.0,6,3
4147,2.0,5,6
4148,5.0,4,6
4149,6.0,0,3
4150,1.0,2,9
4151,6.0,5,3
4152,4.0,6,6
4153,4.0,5,5
4154,4.0,2,2
4155,8.0,8,0
4156,2.0,3,4
4157,0.0,3,7
4158,4.0,4,4
4159,8.0,8,8
4160,6.0,1,5
4161,1.0,5,5
4162,0.0,0,0
4163,0.0,4,0
4164,1.0,8,9
4165,0.0,0,0
4166,8.0,3,3
4167,4.0,6,6
4168,6.0,6,2
4169,9.0,8,9
4170,8.0,8,8
4171,1.0,0,1
4172,8.0,8,1
4173,4.0,4,4
4174,8.0,6,3
4175,2.0,2,5
4176,8.0,0,0
4177,1.0,3,3
4178,4.0,7,7
4179,4.0,7,2
4180,4.0,8,8
4181,1.0,6,3
4182,4.0,4,0
4183,8.0,3,8
4184,4.0,6,4
4185,6.0,6,1
4186,4.0,5,2
4187,7.0,7,7
4188,4.0,5,5
4189,4.0,4,2
4190,0.0,5,6
4191,0.0,8,8
4192,8.0,2,0
4193,1.0,5,4
4194,6.0,5,6
4195,9.0,4,4
4196,4.0,7,2
4197,1.0,5,3
4198,2.0,4,4
4199,4.0,7,4
4200,6.0,1,1
4201,6.0,2,6
4202,0.0,0,0
4203,6.0,5,4
4204,8.0,3,8
4205,8.0,8,8
4206,6.0,9,0
4207,8.0,0,8
4208,4.0,6,6
4209,4.0,4,2
4210,8.0,8,8
4211,4.0,2,2
4212,4.0,4,7
4213,1.0,3,5
4214,5.0,9,0
4215,8.0,9,9
4216,7.0,6,7
4217,1.0,0,6
4218,1.0,1,7
4219,1.0,7,4
4220,6.0,6,2
4221,9.0,3,5
4222,8.0,8,8
4223,8.0,9,9
4224,4.0,2,4
4225,8.0,1,8
4226,0.0,8,8
4227,6.0,6,4
4228,0.0,8,2
4229,0.0,0,0
4230,8.0,1,9
4231,4.0,4,4
4232,4.0,6,4
4233,0.0,0,8
4234,2.0,1,6
4235,4.0,2,6
4236,3.0,7,7
4237,0.0,2,2
4238,0.0,4,0
4239,0.0,3,8
4240,0.0,8,0
4241,0.0,7,7
4242,5.0,4,5
4243,6.0,3,3
4244,3.0,4,1
4245,0.0,2,8
4246,8.0,9,9
4247,6.0,6,4
4248,7.0,8,7
4249,0.0,2,0
4250,5.0,8,1
4251,1.0,4,7
4252,1.0,5,9
4253,8.0,7,7
4254,6.0,9,7
4255,4.0,5,5
4256,9.0,1,9
4257,8.0,3,2
4258,4.0,8,7
4259,6.0,6,5
4260,6.0,9,5
4261,1.0,8,9
4262,4.0,4,6
4263,4.0,2,4
4264,4.0,3,7
4265,1.0,4,1
4266,9.0,3,3
4267,3.0,3,6
4268,3.0,5,5
4269,0.0,1,0
4270,8.0,2,0
4271,9.0,8,0
4272,1.0,6,8
4273,1.0,0,0
4274,8.0,3,8
4275,3.0,3,5
4276,0.0,2,6
4277,8.0,8,8
4278,4.0,4,6
4279,6.0,6,6
4280,4.0,6,4
4281,8.0,6,0
4282,8.0,0,0
4283,4.0,7,8
4284,6.0,6,6
4285,5.0,7,7
4286,8.0,1,4
4287,0.0,8,8
4288,6.0,5,7
4289,3.0,7,9
4290,6.0,7,7
4291,1.0,8,9
4292,8.0,0,8
4293,1.0,1,2
4294,6.0,3,3
4295,0.0,4,0
4296,9.0,7,4
4297,4.0,4,4
4298,8.0,8,8
4299,8.0,6,1
4300,0.0,8,8
4301,5.0,4,4
4302,1.0,3,3
4303,3.0,8,8
4304,1.0,4,8
4305,8.0,8,4
4306,2.0,2,2
4307,6.0,4,4
4308,8.0,6,3
4309,4.0,6,6
4310,4.0,6,3
4311,0.0,0,0
4312,3.0,5,5
4313,8.0,1,8
4314,6.0,0,2
4315,4.0,4,7
4316,5.0,5,5
4317,4.0,4,4
4318,3.0,7,7
4319,5.0,4,5
4320,0.0,8,8
4321,1.0,0,9
4322,0.0,6,0
4323,6.0,6,4
4324,6.0,6,6
4325,4.0,3,4
4326,3.0,6,1
4327,3.0,0,1
4328,6.0,6,4
4329,7.0,5,3
4330,5.0,9,5
4331,1.0,3,7
4332,8.0,1,1
4333,6.0,4,7
4334,1.0,1,1
4335,8.0,9,9
4336,6.0,6,3
4337,0.0,0,0
4338,8.0,8,8
4339,8.0,8,8
4340,9.0,1,9
4341,4.0,1,7
4342,4.0,4,2
4343,6.0,5,8
4344,9.0,9,9
4345,6.0,0,9
4346,3.0,3,3
4347,5.0,5,5
4348,9.0,8,8
4349,6.0,6,6
4350,8.0,3,3
4351,8.0,2,2
4352,1.0,0,1
4353,0.0,3,0
4354,3.0,9,1
4355,9.0,3,5
4356,5.0,2,2
4357,4.0,7,7
4358,3.0,1,1
4359,8.0,9,4
4360,3.0,5,1
4361,4.0,2,3
4362,8.0,3,5
4363,1.0,1,1
4364,8.0,0,9
4365,1.0,8,8
4366,5.0,5,5
4367,4.0,9,7
4368,0.0,4,0
4369,1.0,8,7
4370,0.0,3,2
4371,0.0,8,9
4372,9.0,9,2
4373,1.0,0,0
4374,1.0,9,9
4375,9.0,2,2
4376,6.0,4,2
4377,6.0,4,6
4378,1.0,3,2
4379,5.0,1,1
4380,8.0,0,8
4381,4.0,4,4
4382,1.0,9,4
4383,0.0,0,8
4384,4.0,6,4
4385,6.0,1,1
4386,6.0,7,7
4387,0.0,0,0
4388,5.0,4,3
4389,6.0,5,6
4390,0.0,7,9
4391,4.0,6,6
4392,3.0,3,3
4393,4.0,7,7
4394,3.0,4,4
4395,4.0,4,4
4396,0.0,7,7
4397,0.0,8,8
4398,2.0,2,2
4399,1.0,8,7
4400,1.0,4,4
4401,9.0,7,7
4402,5.0,6,3
4403,4.0,6,6
4404,1.0,3,5
4405,6.0,9,3
4406,0.0,5,5
4407,9.0,9,9
4408,1.0,8,8
4409,9.0,6,6
4410,9.0,0,0
4411,4.0,7,8
4412,5.0,9,8
4413,6.0,4,4
4414,3.0,2,3
4415,6.0,6,6
4416,0.0,9,9
4417,4.0,6,6
4418,9.0,6,2
4419,3.0,5,5
4420,0.0,8,0
4421,4.0,5,5
4422,4.0,5,3
4423,4.0,7,1
4424,6.0,3,5
4425,4.0,2,2
4426,1.0,5,2
4427,9.0,7,7
4428,1.0,1,7
4429,4.0,6,4
4430,7.0,4,6
4431,0.0,2,0
4432,8.0,8,8
4433,1.0,3,1
4434,4.0,4,5
4435,0.0,3,5
4436,1.0,9,9
4437,6.0,4,5
4438,4.0,4,4
4439,1.0,3,5
4440,4.0,6,6
4441,6.0,4,7
4442,4.0,7,7
4443,1.0,7,1
4444,8.0,9,1
4445,6.0,3,7
4446,0.0,5,8
4447,4.0,7,4
4448,0.0,3,5
4449,6.0,6,3
4450,6.0,6,6
4451,5.0,3,3
4452,6.0,0,6
4453,0.0,3,5
4454,8.0,9,9
4455,8.0,2,8
4456,1.0,6,5
4457,8.0,1,9
4458,3.0,9,1
4459,6.0,1,1
4460,6.0,7,7
4461,2.0,9,1
4462,3.0,5,3
4463,4.0,5,5
4464,1.0,1,1
4465,6.0,7,3
4466,0.0,4,8
4467,1.0,2,5
4468,8.0,0,0
4469,8.0,2,8
4470,8.0,7,0
4471,8.0,8,8
4472,5.0,3,6
4473,5.0,9,9
4474,8.0,8,8
4475,6.0,3,3
4476,9.0,9,9
4477,0.0,0,0
4478,6.0,6,7
4479,4.0,5,5
4480,7.0,7,7
4481,6.0,5,3
4482,6.0,6,2
4483,6.0,7,4
4484,1.0,1,7
4485,6.0,9,7
4486,1.0,6,5
4487,3.0,0,9
4488,8.0,8,6
4489,0.0,2,9
4490,0.0,9,0
4491,4.0,2,4
4492,8.0,1,1
4493,6.0,2,2
4494,4.0,2,5
4495,6.0,9,5
4496,1.0,1,1
4497,4.0,2,4
4498,5.0,8,0
4499,1.0,4,4
4500,0.0,8,1
4501,5.0,8,8
4502,8.0,8,8
4503,9.0,3,4
4504,3.0,0,0
4505,4.0,2,1
4506,9.0,7,7
4507,0.0,8,8
4508,5.0,9,9
4509,6.0,6,0
4510,4.0,7,7
4511,9.0,0,2
4512,5.0,0,5
4513,4.0,5,7
4514,1.0,8,8
4515,4.0,6,6
4516,8.0,0,0
4517,8.0,8,1
4518,1.0,5,2
4519,4.0,6,4
4520,0.0,7,9
4521,4.0,4,2
4522,4.0,2,7
4523,8.0,3,0
4524,8.0,6,8
4525,5.0,6,2
4526,0.0,2,2
4527,2.0,4,4
4528,6.0,4,1
4529,3.0,3,5
4530,1.0,7,3
4531,3.0,3,3
4532,9.0,3,5
4533,4.0,3,1
4534,0.0,0,7
4535,6.0,5,5
4536,1.0,7,9
4537,1.0,8,0
4538,1.0,4,9
4539,8.0,8,8
4540,0.0,8,0
4541,8.0,9,9
4542,1.0,2,2
4543,0.0,0,0
4544,9.0,7,7
4545,1.0,0,9
4546,6.0,6,6
4547,6.0,3,6
4548,1.0,3,5
4549,6.0,4,2
4550,4.0,5,6
4551,0.0,8,8
4552,0.0,0,0
4553,0.0,1,1
4554,4.0,7,7
4555,4.0,0,7
4556,2.0,7,7
4557,8.0,8,1
4558,9.0,9,7
4559,9.0,0,0
4560,8.0,1,1
4561,7.0,3,4
4562,3.0,6,1
4563,9.0,9,0
4564,1.0,8,3
4565,1.0,1,1
4566,0.0,9,9
4567,0.0,0,0
4568,5.0,6,6
4569,9.0,0,3
4570,3.0,8,6
4571,0.0,0,0
4572,5.0,7,5
4573,0.0,5,4
4574,8.0,8,0
4575,0.0,8,8
4576,1.0,1,8
4577,8.0,0,0
4578,1.0,8,1
4579,6.0,9,5
4580,1.0,3,8
4581,3.0,2,3
4582,6.0,7,7
4583,4.0,2,6
4584,1.0,3,9
4585,8.0,0,1
4586,9.0,9,9
4587,4.0,1,9
4588,2.0,2,2
4589,3.0,7,7
4590,1.0,4,3
4591,1.0,1,1
4592,2.0,1,0
4593,4.0,1,9
4594,9.0,9,8
4595,8.0,0,8
4596,6.0,4,6
4597,0.0,0,0
4598,0.0,0,2
4599,0.0,0,0
4600,4.0,5,5
4601,0.0,0,0
4602,8.0,9,8
4603,3.0,9,9
4604,4.0,2,2
4605,5.0,2,8
4606,6.0,3,6
4607,1.0,1,1
4608,6.0,2,2
4609,3.0,9,1
4610,3.0,0,5
4611,2.0,8,8
4612,8.0,9,9
4613,4.0,4,7
4614,6.0,1,4
4615,3.0,1,1
4616,7.0,6,2
4617,0.0,8,8
4618,6.0,9,9
4619,0.0,8,0
4620,4.0,6,2
4621,0.0,0,0
4622,0.0,8,9
4623,1.0,9,9
4624,1.0,8,1
4625,4.0,8,1
4626,4.0,3,5
4627,0.0,3,5
4628,1.0,4,3
4629,0.0,8,9
4630,5.0,3,2
4631,8.0,1,1
4632,6.0,1,5
4633,4.0,6,6
4634,0.0,4,0
4635,4.0,5,7
4636,8.0,1,1
4637,6.0,6,6
4638,8.0,9,9
4639,4.0,5,5
4640,1.0,7,4
4641,1.0,5,5
4642,4.0,4,4
4643,9.0,9,9
4644,4.0,6,6
4645,9.0,0,0
4646,0.0,8,8
4647,4.0,9,2
4648,1.0,6,9
4649,0.0,6,9
4650,1.0,7,7
4651,6.0,0,0
4652,1.0,4,8
4653,8.0,3,0
4654,4.0,6,1
4655,0.0,8,0
4656,1.0,3,2
4657,1.0,5,9
4658,0.0,0,8
4659,4.0,6,6
4660,4.0,4,4
4661,6.0,8,9
4662,1.0,2,8
4663,6.0,2,6
4664,1.0,7,1
4665,1.0,0,7
4666,4.0,6,4
4667,8.0,9,9
4668,6.0,4,6
4669,9.0,6,3
4670,8.0,8,8
4671,8.0,6,7
4672,6.0,6,3
4673,6.0,1,0
4674,5.0,5,3
4675,6.0,3,9
4676,1.0,8,7
4677,8.0,5,2
4678,6.0,6,6
4679,4.0,3,2
4680,1.0,4,9
4681,5.0,6,4
4682,9.0,6,6
4683,0.0,8,0
4684,1.0,9,9
4685,4.0,4,6
4686,6.0,7,7
4687,4.0,4,4
4688,1.0,0,7
4689,9.0,1,0
4690,1.0,9,9
4691,8.0,9,9
4692,9.0,3,5
4693,4.0,6,6
4694,4.0,5,5
4695,4.0,4,7
4696,6.0,3,4
4697,0.0,3,3
4698,1.0,3,5
4699,0.0,5,5
4700,1.0,6,2
4701,1.0,7,9
4702,0.0,7,0
4703,4.0,4,2
4704,8.0,7,9
4705,4.0,7,7
4706,2.0,3,7
4707,0.0,0,4
4708,3.0,9,9
4709,4.0,9,4
4710,6.0,4,4
4711,0.0,8,8
4712,1.0,9,7
4713,0.0,8,8
4714,1.0,3,7
4715,4.0,5,7
4716,5.0,9,5
4717,2.0,0,0
4718,0.0,8,8
4719,6.0,3,2
4720,1.0,3,3
4721,9.0,7,7
4722,0.0,8,0
4723,0.0,8,8
4724,0.0,8,8
4725,4.0,4,4
4726,0.0,8,0
4727,5.0,9,2
4728,5.0,3,5
4729,6.0,3,7
4730,4.0,9,2
4731,6.0,6,6
4732,6.0,4,2
4733,4.0,7,5
4734,4.0,6,6
4735,5.0,8,9
4736,3.0,3,7
4737,8.0,8,3
4738,8.0,7,0
4739,3.0,5,1
4740,5.0,5,5
4741,1.0,4,4
4742,1.0,8,8
4743,8.0,9,8
4744,4.0,6,4
4745,4.0,4,3
4746,0.0,0,0
4747,4.0,7,7
4748,8.0,2,2
4749,8.0,9,9
4750,2.0,5,4
4751,9.0,1,6
4752,4.0,6,6
4753,4.0,4,4
4754,1.0,9,9
4755,6.0,5,5
4756,4.0,1,4
4757,8.0,9,8
4758,1.0,8,8
4759,9.0,3,0
4760,4.0,2,3
4761,8.0,8,8
4762,1.0,8,1
4763,4.0,5,4
4764,0.0,6,1
4765,9.0,0,0
4766,5.0,2,6
4767,6.0,5,6
4768,6.0,9,9
4769,8.0,1,1
4770,4.0,6,6
4771,4.0,6,2
4772,0.0,4,2
4773,4.0,4,4
4774,8.0,4,0
4775,1.0,9,1
4776,6.0,5,2
4777,4.0,6,2
4778,8.0,8,8
4779,0.0,8,8
4780,8.0,8,8
4781,4.0,6,4
4782,1.0,1,2
4783,2.0,9,9
4784,8.0,1,9
4785,4.0,6,6
4786,9.0,0,6
4787,4.0,3,0
4788,1.0,5,5
4789,4.0,2,2
4790,7.0,7,7
4791,3.0,5,3
4792,6.0,4,6
4793,4.0,6,7
4794,8.0,8,8
4795,4.0,7,4
4796,5.0,3,3
4797,8.0,1,1
4798,0.0,0,0
4799,6.0,4,2
4800,1.0,9,8
4801,4.0,6,4
4802,2.0,5,5
4803,1.0,6,1
4804,0.0,8,8
4805,6.0,6,6
4806,8.0,3,2
4807,0.0,8,8
4808,2.0,2,5
4809,8.0,5,7
4810,6.0,6,6
4811,4.0,4,2
4812,8.0,8,8
4813,1.0,2,6
4814,1.0,3,5
4815,8.0,0,8
4816,8.0,0,9
4817,4.0,5,5
4818,8.0,8,9
4819,2.0,8,5
4820,1.0,0,9
4821,3.0,2,0
4822,5.0,3,5
4823,0.0,7,8
4824,6.0,7,6
4825,8.0,8,8
4826,8.0,1,1
4827,4.0,4,3
4828,0.0,0,8
4829,8.0,3,8
4830,4.0,7,2
4831,4.0,4,6
4832,8.0,1,8
4833,1.0,7,7
4834,8.0,8,8
4835,1.0,0,5
4836,1.0,5,3
4837,1.0,5,8
4838,6.0,3,5
4839,8.0,4,4
4840,4.0,8,1
4841,0.0,4,2
4842,1.0,0,9
4843,8.0,8,6
4844,6.0,7,5
4845,0.0,4,9
4846,5.0,2,4
4847,0.0,8,8
4848,9.0,8,8
4849,1.0,4,3
4850,5.0,0,5
4851,0.0,8,8
4852,8.0,1,8
4853,8.0,2,2
4854,8.0,1,0
4855,9.0,9,3
4856,1.0,1,1
4857,4.0,4,4
4858,5.0,1,1
4859,6.0,0,0
4860,8.0,8,8
4861,0.0,8,0
4862,4.0,7,5
4863,5.0,8,8
4864,4.0,2,4
4865,3.0,0,9
4866,8.0,1,1
4867,0.0,8,8
4868,8.0,4,0
4869,1.0,6,0
4870,3.0,6,6
4871,9.0,6,7
4872,4.0,7,7
4873,6.0,5,7
4874,4.0,5,5
4875,6.0,6,6
4876,1.0,5,3
4877,1.0,0,6
4878,1.0,9,5
4879,1.0,3,8
4880,7.0,8,2
4881,3.0,3,6
4882,1.0,5,4
4883,4.0,7,7
4884,6.0,5,5
4885,4.0,6,4
4886,4.0,4,7
4887,4.0,6,3
4888,4.0,4,2
4889,5.0,2,9
4890,6.0,3,5
4891,0.0,8,8
4892,0.0,0,8
4893,9.0,2,5
4894,8.0,8,7
4895,2.0,2,2
4896,6.0,1,2
4897,0.0,8,8
4898,5.0,7,7
4899,2.0,6,6
4900,1.0,7,7
4901,4.0,5,7
4902,5.0,9,0
4903,1.0,9,7
4904,6.0,4,6
4905,4.0,4,4
4906,0.0,3,0
4907,4.0,2,6
4908,4.0,6,6
4909,1.0,1,1
4910,1.0,4,4
4911,6.0,6,6
4912,1.0,6,3
4913,0.0,0,9
4914,8.0,8,8
4915,4.0,6,4
4916,0.0,9,9
4917,1.0,1,1
4918,6.0,0,0
4919,8.0,0,0
4920,3.0,5,3
4921,1.0,3,3
4922,6.0,4,5
4923,0.0,8,8
4924,9.0,7,4
4925,8.0,8,0
4926,4.0,6,6
4927,1.0,6,1
4928,9.0,7,7
4929,8.0,8,8
4930,1.0,5,2
4931,5.0,2,2
4932,1.0,6,1
4933,1.0,7,7
4934,6.0,3,3
4935,0.0,6,0
4936,4.0,1,8
4937,4.0,8,6
4938,4.0,7,7
4939,8.0,6,7
4940,1.0,9,0
4941,0.0,0,0
4942,8.0,1,1
4943,4.0,4,4
4944,3.0,1,1
4945,8.0,3,1
4946,6.0,6,6
4947,4.0,6,6
4948,4.0,4,6
4949,8.0,1,1
4950,1.0,3,3
4951,4.0,6,6
4952,8.0,9,0
4953,8.0,8,1
4954,4.0,4,5
4955,0.0,8,8
4956,4.0,6,5
4957,0.0,8,0
4958,8.0,9,1
4959,6.0,3,4
4960,4.0,2,5
4961,8.0,0,5
4962,4.0,4,4
4963,6.0,6,3
4964,8.0,6,9
4965,1.0,8,8
4966,6.0,6,6
4967,8.0,8,0
4968,1.0,3,5
4969,4.0,4,4
4970,3.0,1,9
4971,4.0,4,0
4972,8.0,7,1
4973,9.0,8,4
4974,8.0,8,8
4975,1.0,8,8
4976,8.0,4,2
4977,4.0,4,1
4978,4.0,1,4
4979,8.0,8,8
4980,4.0,6,6
4981,4.0,6,7
4982,5.0,3,3
4983,1.0,1,1
4984,3.0,3,3
4985,0.0,2,4
4986,1.0,6,9
4987,6.0,5,4
4988,8.0,0,8
4989,5.0,2,4
4990,9.0,5,5
4991,1.0,8,9
4992,9.0,9,9
4993,8.0,9,9
4994,9.0,3,3
4995,8.0,8,9
4996,4.0,7,7
4997,4.0,6,5
4998,4.0,2,4
4999,3.0,2,6
5000,1.0,9,6
5001,1.0,7,7
5002,8.0,1,9
5003,4.0,0,0
5004,5.0,5,5
5005,4.0,5,2
5006,6.0,3,5
5007,1.0,6,3
5008,1.0,6,3
5009,3.0,9,9
5010,8.0,0,0
5011,3.0,9,9
5012,5.0,3,8
5013,1.0,1,9
5014,8.0,9,1
5015,9.0,0,0
5016,1.0,9,2
5017,6.0,5,5
5018,1.0,9,9
5019,4.0,6,6
5020,0.0,1,8
5021,1.0,0,1
5022,1.0,3,7
5023,3.0,8,3
5024,4.0,7,7
5025,6.0,3,6
5026,6.0,2,2
5027,3.0,4,7
5028,0.0,3,0
5029,4.0,5,4
5030,0.0,0,8
5031,8.0,1,9
5032,6.0,4,4
5033,0.0,8,8
5034,1.0,7,7
5035,9.0,3,7
5036,4.0,5,5
5037,0.0,0,0
5038,4.0,4,4
5039,4.0,7,5
5040,4.0,1,9
5041,3.0,4,6
5042,4.0,3,3
5043,8.0,4,5
5044,4.0,7,7
5045,6.0,7,9
5046,6.0,3,3
5047,9.0,7,7
5048,8.0,8,8
5049,1.0,3,7
5050,8.0,0,0
5051,4.0,4,4
5052,3.0,1,1
5053,1.0,0,3
5054,8.0,8,8
5055,6.0,6,6
5056,2.0,4,9
5057,4.0,6,7
5058,4.0,7,7
5059,6.0,3,6
5060,4.0,7,7
5061,8.0,5,5
5062,6.0,4,5
5063,4.0,3,4
5064,1.0,9,2
5065,4.0,6,6
5066,1.0,5,6
5067,8.0,4,4
5068,6.0,4,7
5069,4.0,9,0
5070,3.0,1,8
5071,4.0,4,0
5072,4.0,6,3
5073,8.0,8,8
5074,4.0,7,7
5075,4.0,5,4
5076,3.0,5,1
5077,0.0,9,9
5078,1.0,9,8
5079,9.0,0,9
5080,4.0,5,3
5081,4.0,4,6
5082,8.0,0,0
5083,0.0,8,9
5084,1.0,8,1
5085,6.0,4,6
5086,5.0,6,6
5087,6.0,5,2
5088,1.0,5,3
5089,8.0,8,0
5090,1.0,3,7
5091,8.0,8,8
5092,8.0,8,8
5093,0.0,8,0
5094,0.0,0,0
5095,4.0,9,8
5096,1.0,9,9
5097,4.0,6,4
5098,6.0,5,5
5099,8.0,4,1
5100,6.0,2,5
5101,5.0,7,7
5102,1.0,1,1
5103,8.0,1,0
5104,8.0,9,9
5105,4.0,8,8
5106,1.0,3,6
5107,4.0,3,2
5108,5.0,6,5
5109,1.0,5,2
5110,1.0,3,3
5111,6.0,2,2
5112,4.0,4,1
5113,4.0,5,5
5114,4.0,0,7
5115,9.0,0,0
5116,4.0,7,7
5117,8.0,8,7
5118,4.0,6,2
5119,9.0,4,4
5120,6.0,3,7
5121,1.0,3,5
5122,4.0,6,6
5123,4.0,3,2
5124,6.0,4,2
5125,8.0,9,1
5126,1.0,7,7
5127,6.0,6,2
5128,7.0,4,2
5129,6.0,3,3
5130,0.0,0,0
5131,8.0,2,5
5132,9.0,2,2
5133,2.0,0,9
5134,8.0,4,6
5135,1.0,3,5
5136,8.0,3,5
5137,1.0,1,1
5138,9.0,9,9
5139,4.0,3,7
5140,6.0,6,9
5141,1.0,2,0
5142,4.0,1,4
5143,4.0,2,4
5144,8.0,1,1
5145,7.0,6,9
5146,0.0,8,9
5147,6.0,6,3
5148,1.0,3,6
5149,1.0,0,1
5150,1.0,3,2
5151,6.0,5,2
5152,0.0,4,2
5153,8.0,0,8
5154,0.0,8,0
5155,8.0,8,8
5156,1.0,8,5
5157,1.0,2,1
5158,3.0,7,7
5159,6.0,6,6
5160,1.0,4,7
5161,1.0,6,9
5162,4.0,6,3
5163,0.0,0,2
5164,1.0,9,9
5165,6.0,2,2
5166,6.0,4,2
5167,6.0,5,5
5168,7.0,7,7
5169,6.0,4,6
5170,8.0,0,9
5171,0.0,1,1
5172,0.0,7,9
5173,0.0,5,4
5174,4.0,4,0
5175,1.0,5,5
5176,6.0,6,5
5177,4.0,2,3
5178,4.0,4,4
5179,6.0,7,0
5180,4.0,2,4
5181,6.0,2,1
5182,6.0,6,6
5183,0.0,8,8
5184,7.0,2,2
5185,8.0,0,8
5186,0.0,9,9
5187,0.0,4,4
5188,7.0,4,7
5189,6.0,5,4
5190,8.0,3,5
5191,9.0,6,9
5192,1.0,8,8
5193,4.0,3,4
5194,4.0,4,0
5195,0.0,9,1
5196,8.0,1,1
5197,8.0,8,1
5198,4.0,9,9
5199,8.0,0,9
5200,4.0,9,7
5201,1.0,9,5
5202,9.0,1,1
5203,1.0,9,9
5204,1.0,2,2
5205,2.0,4,5
5206,6.0,6,6
5207,9.0,0,1
5208,1.0,5,5
5209,1.0,9,3
5210,8.0,0,0
5211,1.0,6,1
5212,4.0,4,4
5213,4.0,2,9
5214,0.0,4,0
5215,6.0,2,2
5216,0.0,0,0
5217,8.0,8,8
5218,4.0,7,3
5219,4.0,4,2
5220,8.0,7,7
5221,0.0,5,3
5222,0.0,8,8
5223,4.0,5,6
5224,6.0,1,1
5225,6.0,6,4
5226,0.0,2,2
5227,4.0,4,4
5228,0.0,9,9
5229,4.0,7,4
5230,6.0,6,6
5231,4.0,5,9
5232,8.0,1,1
5233,9.0,9,5
5234,8.0,9,9
5235,8.0,1,9
5236,1.0,5,1
5237,6.0,4,4
5238,4.0,6,2
5239,3.0,7,7
5240,1.0,7,2
5241,1.0,7,7
5242,4.0,2,2
5243,6.0,1,1
5244,8.0,9,9
5245,8.0,8,8
5246,4.0,8,8
5247,0.0,1,1
5248,1.0,5,2
5249,0.0,8,8
5250,8.0,9,8
5251,3.0,1,1
5252,4.0,2,6
5253,1.0,9,8
5254,4.0,9,7
5255,8.0,2,8
5256,6.0,6,4
5257,9.0,5,1
5258,1.0,3,7
5259,9.0,4,9
5260,9.0,6,3
5261,9.0,9,1
5262,1.0,1,8
5263,4.0,6,6
5264,1.0,4,4
5265,4.0,4,5
5266,8.0,0,0
5267,7.0,9,2
5268,9.0,6,6
5269,1.0,3,7
5270,7.0,7,5
5271,0.0,9,9
5272,4.0,3,8
5273,8.0,1,8
5274,1.0,3,8
5275,3.0,9,9
5276,6.0,7,7
5277,4.0,5,3
5278,9.0,4,8
5279,5.0,6,7
5280,8.0,4,2
5281,4.0,4,2
5282,8.0,1,1
5283,0.0,8,8
5284,8.0,8,8
5285,7.0,3,4
5286,1.0,7,9
5287,1.0,3,9
5288,5.0,3,5
5289,4.0,4,5
5290,4.0,2,2
5291,5.0,3,6
5292,6.0,6,6
5293,4.0,2,9
5294,4.0,4,2
5295,3.0,3,7
5296,4.0,2,2
5297,8.0,1,8
5298,4.0,4,4
5299,4.0,6,0
5300,1.0,5,9
5301,8.0,8,1
5302,4.0,6,6
5303,1.0,6,5
5304,0.0,0,8
5305,9.0,7,5
5306,8.0,8,9
5307,8.0,7,5
5308,6.0,3,6
5309,4.0,2,5
5310,8.0,8,9
5311,1.0,0,1
5312,0.0,8,0
5313,6.0,4,7
5314,1.0,3,0
5315,9.0,9,9
5316,0.0,1,9
5317,6.0,7,7
5318,6.0,6,6
5319,6.0,6,3
5320,3.0,9,9
5321,0.0,3,3
5322,0.0,0,0
5323,4.0,9,0
5324,8.0,9,0
5325,4.0,4,4
5326,5.0,7,7
5327,0.0,0,0
5328,5.0,7,7
5329,5.0,3,3
5330,1.0,9,9
5331,0.0,8,8
5332,9.0,9,9
5333,5.0,2,2
5334,1.0,9,1
5335,4.0,7,5
5336,3.0,5,2
5337,1.0,1,1
5338,6.0,4,4
5339,3.0,4,8
5340,6.0,5,2
5341,8.0,9,0
5342,4.0,6,4
5343,8.0,5,2
5344,1.0,1,1
5345,4.0,4,4
5346,8.0,5,0
5347,4.0,4,4
5348,8.0,8,8
5349,0.0,0,0
5350,4.0,2,4
5351,1.0,1,9
5352,1.0,6,9
5353,4.0,5,6
5354,5.0,3,3
5355,6.0,6,6
5356,8.0,1,1
5357,1.0,5,7
5358,6.0,6,4
5359,6.0,6,6
5360,5.0,8,8
5361,3.0,7,6
5362,3.0,8,0
5363,1.0,6,7
5364,4.0,3,4
5365,0.0,8,8
5366,4.0,7,7
5367,4.0,6,5
5368,8.0,7,7
5369,4.0,3,5
5370,9.0,0,2
5371,3.0,3,0
5372,6.0,3,5
5373,8.0,8,8
5374,6.0,6,6
5375,6.0,6,6
5376,5.0,3,6
5377,0.0,1,8
5378,9.0,8,8
5379,8.0,3,6
5380,4.0,4,6
5381,1.0,3,6
5382,4.0,1,9
5383,0.0,5,9
5384,3.0,9,3
5385,4.0,6,7
5386,1.0,7,2
5387,0.0,1,1
5388,1.0,9,9
5389,1.0,5,3
5390,4.0,5,9
5391,0.0,0,0
5392,3.0,6,1
5393,8.0,7,2
5394,4.0,7,9
5395,9.0,8,0
5396,3.0,3,7
5397,8.0,9,9
5398,5.0,5,6
5399,4.0,6,5
5400,3.0,3,3
5401,9.0,6,7
5402,6.0,6,6
5403,6.0,3,7
5404,8.0,8,8
5405,1.0,4,4
5406,0.0,0,0
5407,1.0,0,3
5408,0.0,0,9
5409,6.0,6,6
5410,6.0,4,7
5411,4.0,6,5
5412,5.0,1,7
5413,5.0,5,5
5414,4.0,7,0
5415,8.0,8,0
5416,1.0,1,8
5417,4.0,4,2
5418,6.0,9,9
5419,6.0,6,6
5420,8.0,9,1
5421,3.0,6,5
5422,8.0,9,1
5423,4.0,6,3
5424,6.0,6,6
5425,8.0,5,5
5426,0.0,0,0
5427,6.0,7,8
5428,8.0,8,0
5429,4.0,6,6
5430,8.0,3,3
5431,6.0,7,4
5432,0.0,9,0
5433,1.0,1,1
5434,1.0,8,4
5435,4.0,6,6
5436,9.0,7,7
5437,9.0,9,9
5438,0.0,8,8
5439,4.0,5,5
5440,9.0,3,4
5441,0.0,6,0
5442,6.0,7,4
5443,4.0,5,6
5444,9.0,5,2
5445,1.0,9,3
5446,1.0,8,8
5447,1.0,3,7
5448,6.0,9,5
5449,5.0,7,7
5450,1.0,0,3
5451,0.0,7,4
5452,6.0,6,8
5453,0.0,6,9
5454,0.0,2,8
5455,0.0,3,3
5456,4.0,6,8
5457,9.0,0,0
5458,6.0,0,5
5459,1.0,1,1
5460,6.0,1,1
5461,1.0,9,9
5462,5.0,4,4
5463,8.0,0,8
5464,0.0,8,9
5465,9.0,8,9
5466,0.0,9,9
5467,8.0,3,5
5468,0.0,0,0
5469,1.0,3,8
5470,1.0,8,0
5471,4.0,2,2
5472,9.0,8,0
5473,4.0,4,4
5474,6.0,5,3
5475,6.0,3,3
5476,1.0,9,9
5477,6.0,1,8
5478,6.0,6,3
5479,8.0,5,3
5480,8.0,8,8
5481,8.0,9,0
5482,8.0,8,8
5483,0.0,0,0
5484,0.0,8,0
5485,0.0,1,9
5486,4.0,6,4
5487,0.0,8,8
5488,4.0,6,4
5489,1.0,9,6
5490,6.0,4,4
5491,6.0,4,6
5492,3.0,6,3
5493,1.0,6,4
5494,1.0,8,0
5495,5.0,4,4
5496,9.0,8,9
5497,4.0,1,6
5498,6.0,7,7
5499,1.0,9,9
5500,3.0,0,5
5501,4.0,7,4
5502,3.0,4,0
5503,6.0,6,5
5504,1.0,5,5
5505,9.0,5,5
5506,9.0,8,2
5507,1.0,6,3
5508,4.0,3,6
5509,3.0,5,5
5510,1.0,1,5
5511,0.0,0,9
5512,8.0,5,1
5513,6.0,6,6
5514,2.0,4,4
5515,3.0,1,1
5516,1.0,8,0
5517,5.0,7,5
5518,4.0,4,7
5519,1.0,9,9
5520,1.0,3,3
5521,6.0,6,0
5522,6.0,6,6
5523,8.0,8,8
5524,9.0,9,9
5525,4.0,2,5
5526,6.0,6,6
5527,1.0,2,2
5528,0.0,1,8
5529,8.0,8,8
5530,1.0,0,0
5531,2.0,4,2
5532,1.0,0,9
5533,4.0,0,0
5534,5.0,7,3
5535,8.0,8,0
5536,7.0,7,7
5537,6.0,4,2
5538,8.0,6,7
5539,1.0,5,3
5540,9.0,3,2
5541,0.0,2,2
5542,4.0,7,7
5543,2.0,6,7
5544,4.0,6,6
5545,4.0,1,4
5546,8.0,8,8
5547,6.0,4,2
5548,4.0,4,4
5549,1.0,0,0
5550,4.0,6,2
5551,0.0,8,9
5552,6.0,9,1
5553,1.0,0,3
5554,0.0,8,2
5555,3.0,3,5
5556,9.0,8,8
5557,9.0,9,9
5558,6.0,6,6
5559,8.0,1,1
5560,6.0,7,7
5561,4.0,6,5
5562,4.0,9,9
5563,9.0,7,7
5564,4.0,7,7
5565,3.0,3,5
5566,8.0,8,0
5567,9.0,8,1
5568,3.0,7,1
5569,9.0,9,9
5570,4.0,7,7
5571,2.0,2,2
5572,4.0,1,1
5573,0.0,9,8
5574,6.0,4,2
5575,1.0,2,2
5576,4.0,2,2
5577,6.0,7,7
5578,4.0,5,5
5579,1.0,7,7
5580,8.0,8,0
5581,4.0,3,4
5582,6.0,6,6
5583,6.0,7,6
5584,1.0,3,2
5585,6.0,2,9
5586,0.0,2,5
5587,8.0,2,0
5588,1.0,3,6
5589,0.0,8,0
5590,1.0,9,1
5591,8.0,6,9
5592,6.0,9,3
5593,1.0,1,5
5594,4.0,2,4
5595,1.0,3,9
5596,4.0,6,6
5597,7.0,3,7
5598,7.0,3,3
5599,3.0,3,2
5600,8.0,8,8
5601,5.0,3,5
5602,1.0,9,9
5603,4.0,4,2
5604,0.0,0,0
5605,9.0,9,9
5606,5.0,3,5
5607,2.0,9,8
5608,4.0,7,7
5609,2.0,2,2
5610,3.0,1,3
5611,9.0,8,9
5612,4.0,9,9
5613,5.0,1,5
5614,0.0,0,0
5615,4.0,3,3
5616,4.0,9,1
5617,8.0,7,7
5618,1.0,9,2
5619,4.0,8,8
5620,3.0,7,7
5621,3.0,9,9
5622,6.0,9,9
5623,1.0,7,0
5624,4.0,6,4
5625,6.0,7,4
5626,4.0,2,5
5627,1.0,0,1
5628,2.0,7,7
5629,9.0,5,1
5630,8.0,8,8
5631,4.0,4,4
5632,0.0,2,1
5633,6.0,4,8
5634,4.0,2,2
5635,1.0,3,1
5636,4.0,4,6
5637,1.0,1,9
5638,6.0,4,2
5639,4.0,4,4
5640,1.0,0,0
5641,4.0,9,8
5642,0.0,0,0
5643,8.0,8,8
5644,1.0,1,8
5645,1.0,9,5
5646,4.0,3,5
5647,4.0,4,2
5648,8.0,9,8
5649,8.0,6,0
5650,1.0,9,1
5651,8.0,9,5
5652,1.0,0,7
5653,0.0,2,4
5654,8.0,8,9
5655,6.0,5,5
5656,1.0,9,0
5657,0.0,0,0
5658,8.0,4,8
5659,4.0,0,0
5660,4.0,7,2
5661,6.0,6,6
5662,1.0,9,9
5663,0.0,6,1
5664,4.0,4,3
5665,8.0,3,0
5666,0.0,1,1
5667,9.0,9,8
5668,1.0,9,9
5669,4.0,4,4
5670,0.0,3,5
5671,1.0,9,9
5672,0.0,3,8
5673,1.0,4,0
5674,9.0,7,0
5675,0.0,8,8
5676,4.0,4,4
5677,6.0,3,4
5678,3.0,6,3
5679,7.0,5,6
5680,8.0,2,2
5681,4.0,4,5
5682,4.0,6,6
5683,3.0,1,1
5684,1.0,6,0
5685,9.0,1,1
5686,1.0,5,2
5687,0.0,8,8
5688,1.0,1,9
5689,1.0,6,6
5690,1.0,5,5
5691,8.0,8,9
5692,1.0,9,9
5693,8.0,9,9
5694,6.0,6,6
5695,3.0,2,5
5696,1.0,6,0
5697,8.0,1,6
5698,1.0,5,5
5699,0.0,2,0
5700,3.0,3,5
5701,3.0,8,8
5702,0.0,0,0
5703,8.0,1,8
5704,5.0,7,4
5705,5.0,8,3
5706,4.0,1,4
5707,0.0,0,2
5708,6.0,6,6
5709,4.0,7,9
5710,6.0,7,7
5711,4.0,4,5
5712,4.0,6,8
5713,3.0,0,3
5714,3.0,6,1
5715,6.0,6,2
5716,6.0,6,8
5717,5.0,4,2
5718,6.0,6,6
5719,8.0,0,0
5720,8.0,0,2
5721,7.0,0,4
5722,6.0,8,1
5723,4.0,6,6
5724,6.0,2,2
5725,3.0,4,7
5726,4.0,4,0
5727,4.0,4,2
5728,0.0,0,6
5729,6.0,7,5
5730,8.0,0,8
5731,1.0,1,9
5732,8.0,8,8
5733,9.0,5,3
5734,8.0,4,5
5735,4.0,7,7
5736,8.0,0,5
5737,1.0,7,7
5738,0.0,0,0
5739,6.0,4,4
5740,6.0,9,6
5741,3.0,3,3
5742,4.0,4,4
5743,8.0,8,8
5744,8.0,5,5
5745,4.0,6,6
5746,1.0,3,2
5747,6.0,1,1
5748,4.0,7,7
5749,4.0,4,5
5750,9.0,8,8
5751,1.0,5,5
5752,0.0,8,8
5753,3.0,4,7
5754,4.0,6,4
5755,1.0,3,5
5756,1.0,6,7
5757,8.0,0,0
5758,0.0,6,2
5759,3.0,1,1
5760,3.0,3,5
5761,9.0,7,7
5762,8.0,0,8
5763,3.0,7,6
5764,0.0,1,8
5765,0.0,8,0
5766,1.0,9,7
5767,6.0,3,7
5768,6.0,6,4
5769,3.0,1,1
5770,9.0,2,0
5771,4.0,7,7
5772,1.0,9,9
5773,9.0,0,0
5774,0.0,0,7
5775,0.0,0,0
5776,0.0,8,9
5777,1.0,2,8
5778,8.0,3,7
5779,1.0,9,7
5780,4.0,2,5
5781,8.0,3,6
5782,0.0,8,7
5783,0.0,9,9
5784,4.0,7,7
5785,4.0,4,6
5786,1.0,4,4
5787,0.0,0,8
5788,5.0,4,7
5789,4.0,2,4
5790,8.0,0,4
5791,8.0,9,1
5792,4.0,4,7
5793,8.0,9,9
5794,0.0,2,8
5795,8.0,0,8
5796,4.0,6,6
5797,1.0,3,1
5798,4.0,7,7
5799,1.0,3,3
5800,6.0,6,3
5801,0.0,9,9
5802,8.0,7,2
5803,0.0,0,0
5804,4.0,7,7
5805,8.0,1,1
5806,5.0,7,8
5807,8.0,0,8
5808,1.0,7,5
5809,6.0,2,4
5810,1.0,1,1
5811,8.0,4,1
5812,4.0,7,7
5813,1.0,0,4
5814,5.0,9,9
5815,4.0,4,4
5816,2.0,1,1
5817,1.0,8,0
5818,8.0,4,0
5819,3.0,6,9
5820,8.0,8,8
5821,6.0,4,7
5822,3.0,7,1
5823,5.0,2,0
5824,6.0,3,2
5825,4.0,4,2
5826,4.0,4,4
5827,1.0,1,1
5828,0.0,0,8
5829,4.0,2,4
5830,5.0,5,5
5831,1.0,1,1
5832,1.0,0,5
5833,6.0,6,6
5834,0.0,1,1
5835,8.0,8,8
5836,0.0,2,2
5837,4.0,6,5
5838,5.0,5,3
5839,0.0,8,0
5840,9.0,3,3
5841,3.0,9,1
5842,5.0,9,7
5843,1.0,7,0
5844,4.0,4,4
5845,6.0,5,6
5846,8.0,5,7
5847,0.0,0,8
5848,4.0,3,3
5849,9.0,0,5
5850,4.0,6,5
5851,8.0,9,9
5852,2.0,7,0
5853,1.0,7,7
5854,6.0,5,7
5855,0.0,0,8
5856,4.0,4,0
5857,6.0,4,6
5858,4.0,8,0
5859,1.0,9,3
5860,1.0,9,1
5861,6.0,9,9
5862,3.0,9,2
5863,6.0,7,7
5864,0.0,0,0
5865,8.0,9,9
5866,8.0,8,8
5867,9.0,0,0
5868,1.0,9,9
5869,8.0,9,8
5870,4.0,6,5
5871,0.0,2,2
5872,5.0,7,5
5873,0.0,8,0
5874,0.0,7,0
5875,8.0,8,8
5876,6.0,4,4
5877,6.0,0,5
5878,1.0,6,6
5879,6.0,6,6
5880,4.0,4,4
5881,8.0,9,9
5882,4.0,3,6
5883,1.0,2,0
5884,1.0,9,9
5885,0.0,1,1
5886,1.0,5,5
5887,1.0,9,7
5888,9.0,0,0
5889,4.0,2,2
5890,4.0,7,7
5891,0.0,1,8
5892,4.0,3,2
5893,0.0,8,8
5894,6.0,7,4
5895,3.0,3,1
5896,5.0,5,3
5897,3.0,7,1
5898,3.0,6,6
5899,8.0,7,5
5900,6.0,6,6
5901,5.0,4,2
5902,4.0,4,4
5903,4.0,4,2
5904,8.0,8,8
5905,5.0,7,5
5906,4.0,9,8
5907,4.0,6,6
5908,4.0,4,4
5909,8.0,0,4
5910,8.0,8,8
5911,9.0,8,8
5912,5.0,6,6
5913,1.0,2,2
5914,1.0,1,3
5915,0.0,5,5
5916,0.0,1,8
5917,1.0,7,9
5918,5.0,6,6
5919,4.0,4,4
5920,1.0,8,2
5921,4.0,3,6
5922,4.0,2,2
5923,4.0,2,9
5924,8.0,8,0
5925,9.0,3,7
5926,8.0,5,2
5927,4.0,8,7
5928,0.0,8,0
5929,8.0,8,8
5930,4.0,3,7
5931,6.0,5,4
5932,8.0,7,8
5933,1.0,2,2
5934,3.0,7,7
5935,8.0,9,7
5936,1.0,7,7
5937,1.0,6,9
5938,0.0,0,9
5939,8.0,1,1
5940,3.0,0,4
5941,8.0,8,8
5942,3.0,5,3
5943,6.0,7,7
5944,4.0,4,5
5945,6.0,6,3
5946,8.0,3,6
5947,8.0,4,0
5948,8.0,8,8
5949,8.0,8,8
5950,4.0,2,2
5951,8.0,1,1
5952,0.0,1,0
5953,8.0,8,8
5954,0.0,0,0
5955,0.0,7,0
5956,0.0,0,0
5957,1.0,7,4
5958,2.0,7,7
5959,1.0,1,1
5960,4.0,4,5
5961,5.0,6,5
5962,1.0,5,3
5963,1.0,4,5
5964,2.0,6,6
5965,5.0,0,5
5966,0.0,9,0
5967,6.0,2,2
5968,8.0,9,9
5969,0.0,0,0
5970,3.0,3,5
5971,1.0,2,1
5972,9.0,0,0
5973,0.0,0,0
5974,8.0,8,9
5975,8.0,4,1
5976,0.0,2,4
5977,3.0,0,8
5978,5.0,9,9
5979,5.0,3,2
5980,5.0,4,3
5981,8.0,8,5
5982,4.0,7,7
5983,1.0,1,1
5984,8.0,6,0
5985,8.0,8,8
5986,0.0,8,8
5987,8.0,8,8
5988,0.0,0,0
5989,6.0,4,7
5990,9.0,1,2
5991,6.0,7,7
5992,6.0,5,2
5993,8.0,8,2
5994,0.0,9,0
5995,4.0,6,7
5996,4.0,7,7
5997,8.0,9,9
5998,4.0,4,4
5999,8.0,8,8
